country,year,pesticides_per_cropland
Albania,1990,0.17
Algeria,1990,0.75
Angola,1990,0.02
Argentina,1990,0.95
Australia,1990,1.04
Austria,1990,2.82
The Bahamas,1990,26.89
Bangladesh,1990,0.13
Belize,1990,10.01
Benin,1990,0.81
Bhutan,1990,0.03
Bolivia,1990,1.09
Botswana,1990,0.83
Brazil,1990,0.91
Bulgaria,1990,0.94
Burkina Faso,1990,0.13
Burundi,1990,0.07
Cambodia,1990,0.13
Cameroon,1990,0.31
Canada,1990,0.71
Central African Republic,1990,0.08
Chad,1990,0.02
Chile,1990,1.1
China,1990,1.17
Taiwan,1990,11.18
Colombia,1990,3.61
Republic of the Congo,1990,0.08
Costa Rica,1990,2.84
Ivory Coast,1990,0.0
Cuba,1990,1.09
Cyprus,1990,13.95
Democratic Republic of the Congo,1990,0.14
Denmark,1990,2.2
Djibouti,1990,20.51
Dominican Republic,1990,3.69
Ecuador,1990,0.87
Egypt,1990,4.99
El Salvador,1990,3.12
Equatorial Guinea,1990,0.03
Swaziland,1990,3.86
Fiji,1990,0.52
Finland,1990,1.87
France,1990,5.14
Gabon,1990,0.41
Gambia,1990,0.58
Germany,1990,2.52
Ghana,1990,0.02
Greece,1990,1.87
Guatemala,1990,6.73
Guinea,1990,0.02
Guinea Bissau,1990,0.09
Haiti,1990,0.16
Honduras,1990,2.51
Hungary,1990,2.41
Iceland,1990,0.02
India,1990,0.44
Indonesia,1990,3.54
Iran,1990,0.65
Iraq,1990,0.13
Ireland,1990,5.07
Israel,1990,5.78
Italy,1990,8.4
Jamaica,1990,5.56
Japan,1990,15.22
Jordan,1990,2.95
Kenya,1990,0.08
Laos,1990,0.02
Lebanon,1990,4.0
Lesotho,1990,0.02
Liberia,1990,0.28
Libya,1990,1.21
Madagascar,1990,0.04
Malawi,1990,0.07
Malaysia,1990,3.68
Mali,1990,0.12
Mauritania,1990,0.18
Mexico,1990,1.12
Mongolia,1990,0.08
Morocco,1990,0.99
Mozambique,1990,0.03
Myanmar,1990,0.02
Namibia,1990,0.87
Nepal,1990,0.03
Netherlands,1990,10.17
New Caledonia,1990,21.63
New Zealand,1990,8.76
Nicaragua,1990,0.38
Niger,1990,0.01
Nigeria,1990,0.11
Norway,1990,1.37
Oman,1990,0.53
Pakistan,1990,0.55
West Bank,1990,5.64
Panama,1990,5.06
Papua New Guinea,1990,1.01
Paraguay,1990,1.53
Peru,1990,0.28
Philippines,1990,1.53
Poland,1990,0.37
Portugal,1990,2.99
Qatar,1990,23.02
South Korea,1990,11.89
Romania,1990,2.52
Rwanda,1990,0.13
Saudi Arabia,1990,0.29
Senegal,1990,0.12
Sierra Leone,1990,0.42
Solomon Islands,1990,0.92
Somalia,1990,0.03
South Africa,1990,1.27
Spain,1990,1.96
Sri Lanka,1990,0.83
Suriname,1990,3.19
Sweden,1990,0.81
Switzerland,1990,5.35
Syria,1990,0.15
Thailand,1990,0.91
Togo,1990,0.15
Trinidad and Tobago,1990,4.73
Tunisia,1990,0.19
Turkey,1990,1.08
Uganda,1990,0.08
England,1990,4.41
United Republic of Tanzania,1990,0.0
USA,1990,2.13
Uruguay,1990,1.37
Vanuatu,1990,1.47
Venezuela,1990,0.5
Vietnam,1990,3.28
Yemen,1990,0.06
Zambia,1990,0.37
Zimbabwe,1990,1.88
Albania,1991,0.17
Algeria,1991,0.91
Angola,1991,0.03
Argentina,1991,0.94
Australia,1991,1.03
Austria,1991,2.94
The Bahamas,1991,28.57
Bangladesh,1991,0.13
Belize,1991,8.59
Benin,1991,0.8
Bhutan,1991,0.03
Bolivia,1991,0.74
Botswana,1991,1.1
Brazil,1991,1.06
Bulgaria,1991,0.94
Burkina Faso,1991,0.13
Burundi,1991,0.07
Cambodia,1991,0.13
Cameroon,1991,0.21
Canada,1991,0.71
Central African Republic,1991,0.06
Chad,1991,0.02
Chile,1991,1.14
China,1991,1.16
Taiwan,1991,11.26
Colombia,1991,3.5
Republic of the Congo,1991,0.09
Costa Rica,1991,2.81
Ivory Coast,1991,0.0
Cuba,1991,1.08
Cyprus,1991,12.7
Democratic Republic of the Congo,1991,0.14
Denmark,1991,1.81
Djibouti,1991,13.65
Dominican Republic,1991,3.69
Ecuador,1991,0.79
Egypt,1991,3.12
El Salvador,1991,4.95
Equatorial Guinea,1991,0.03
Swaziland,1991,3.8
Fiji,1991,2.69
Finland,1991,1.63
France,1991,5.43
Gabon,1991,0.44
Gambia,1991,0.56
Germany,1991,2.71
Ghana,1991,0.02
Greece,1991,1.88
Guatemala,1991,6.73
Guinea,1991,0.02
Guinea Bissau,1991,0.1
Haiti,1991,0.14
Honduras,1991,1.83
Hungary,1991,1.53
Iceland,1991,0.02
India,1991,0.42
Indonesia,1991,3.88
Iran,1991,0.91
Iraq,1991,0.12
Ireland,1991,5.1
Israel,1991,5.75
Italy,1991,7.5
Jamaica,1991,5.39
Japan,1991,15.34
Jordan,1991,4.22
Kenya,1991,0.18
Laos,1991,0.02
Lebanon,1991,3.99
Lesotho,1991,0.02
Liberia,1991,0.28
Libya,1991,1.15
Madagascar,1991,0.04
Malawi,1991,0.07
Malaysia,1991,3.67
Mali,1991,0.07
Mauritania,1991,0.17
Mexico,1991,1.08
Mongolia,1991,0.08
Morocco,1991,1.03
Mozambique,1991,0.03
Myanmar,1991,0.01
Namibia,1991,0.87
Nepal,1991,0.03
Netherlands,1991,10.09
New Caledonia,1991,21.63
New Zealand,1991,8.72
Nicaragua,1991,0.38
Niger,1991,0.01
Nigeria,1991,0.08
Norway,1991,0.85
Oman,1991,0.4
Pakistan,1991,0.54
West Bank,1991,5.69
Panama,1991,5.06
Papua New Guinea,1991,0.99
Paraguay,1991,1.51
Peru,1991,0.28
Philippines,1991,1.55
Poland,1991,0.37
Portugal,1991,3.04
Qatar,1991,24.57
South Korea,1991,13.14
Romania,1991,1.99
Rwanda,1991,0.09
Saudi Arabia,1991,0.27
Senegal,1991,0.13
Sierra Leone,1991,0.42
Solomon Islands,1991,0.91
Somalia,1991,0.02
South Africa,1991,1.26
Spain,1991,1.95
Sri Lanka,1991,0.74
Suriname,1991,3.04
Sweden,1991,0.66
Switzerland,1991,4.77
Syria,1991,0.2
Thailand,1991,0.91
Togo,1991,0.1
Trinidad and Tobago,1991,5.16
Tunisia,1991,0.19
Turkey,1991,0.88
Uganda,1991,0.08
England,1991,4.38
United Republic of Tanzania,1991,0.0
USA,1991,2.1
Uruguay,1991,1.36
Vanuatu,1991,1.16
Venezuela,1991,0.67
Vietnam,1991,3.25
Yemen,1991,0.11
Zambia,1991,0.39
Zimbabwe,1991,2.18
Albania,1992,0.17
Algeria,1992,0.48
Angola,1992,0.01
Argentina,1992,0.94
Armenia,1992,0.02
Australia,1992,1.36
Austria,1992,2.59
Azerbaijan,1992,0.07
The Bahamas,1992,28.05
Bangladesh,1992,0.16
Belarus,1992,0.33
Belize,1992,11.46
Benin,1992,0.77
Bhutan,1992,0.03
Bolivia,1992,0.4
Bosnia and Herzegovina,1992,2.28
Botswana,1992,1.25
Brazil,1992,1.25
Bulgaria,1992,0.9
Burkina Faso,1992,0.12
Burundi,1992,0.07
Cambodia,1992,0.13
Cameroon,1992,0.26
Canada,1992,0.71
Central African Republic,1992,0.04
Chad,1992,0.02
Chile,1992,1.17
China,1992,1.22
Taiwan,1992,11.36
Colombia,1992,3.12
Republic of the Congo,1992,0.13
Costa Rica,1992,2.84
Ivory Coast,1992,0.0
Croatia,1992,1.74
Cuba,1992,1.03
Cyprus,1992,10.9
Democratic Republic of the Congo,1992,0.14
Denmark,1992,1.79
Djibouti,1992,13.59
Dominican Republic,1992,3.69
Ecuador,1992,0.67
Egypt,1992,2.05
El Salvador,1992,4.63
Equatorial Guinea,1992,0.03
Estonia,1992,0.42
Swaziland,1992,3.88
Fiji,1992,0.47
Finland,1992,1.77
France,1992,4.47
Gabon,1992,0.49
Gambia,1992,0.67
Georgia,1992,2.73
Germany,1992,2.52
Ghana,1992,0.02
Greece,1992,2.0
Guatemala,1992,6.73
Guinea,1992,0.02
Guinea Bissau,1992,0.01
Haiti,1992,0.09
Honduras,1992,3.22
Hungary,1992,1.16
Iceland,1992,0.02
India,1992,0.42
Indonesia,1992,4.21
Iran,1992,0.64
Iraq,1992,0.12
Ireland,1992,5.09
Israel,1992,5.77
Italy,1992,7.59
Jamaica,1992,5.16
Japan,1992,15.45
Jordan,1992,4.14
Kazakhstan,1992,0.49
Kenya,1992,0.23
Kyrgyzstan,1992,1.74
Laos,1992,0.02
Latvia,1992,0.59
Lebanon,1992,3.99
Lesotho,1992,0.02
Liberia,1992,0.28
Libya,1992,1.03
Lithuania,1992,0.47
Madagascar,1992,0.03
Malawi,1992,0.07
Malaysia,1992,3.78
Mali,1992,0.04
Mauritania,1992,0.14
Mexico,1992,1.08
Mongolia,1992,0.08
Morocco,1992,1.05
Mozambique,1992,0.03
Myanmar,1992,0.02
Namibia,1992,0.87
Nepal,1992,0.03
Netherlands,1992,9.67
New Caledonia,1992,21.63
New Zealand,1992,8.66
Nicaragua,1992,0.38
Niger,1992,0.0
Nigeria,1992,0.05
Macedonia,1992,1.47
Norway,1992,0.87
Oman,1992,1.53
Pakistan,1992,0.54
West Bank,1992,5.74
Panama,1992,5.01
Papua New Guinea,1992,0.95
Paraguay,1992,1.41
Peru,1992,0.27
Philippines,1992,1.58
Poland,1992,0.5
Portugal,1992,2.01
Qatar,1992,23.23
South Korea,1992,12.91
Moldova,1992,1.32
Romania,1992,1.52
Russia,1992,0.19
Rwanda,1992,0.08
Saudi Arabia,1992,0.27
Senegal,1992,0.12
Sierra Leone,1992,0.43
Slovenia,1992,5.55
Solomon Islands,1992,0.88
Somalia,1992,0.02
South Africa,1992,1.23
Spain,1992,1.6
Sri Lanka,1992,1.13
Suriname,1992,2.9
Sweden,1992,0.54
Switzerland,1992,4.7
Syria,1992,0.21
Tajikistan,1992,0.13
Thailand,1992,0.92
Togo,1992,0.09
Trinidad and Tobago,1992,5.13
Tunisia,1992,0.19
Turkey,1992,0.98
Turkmenistan,1992,0.65
Uganda,1992,0.08
Ukraine,1992,1.94
England,1992,4.7
United Republic of Tanzania,1992,0.0
USA,1992,2.16
Uruguay,1992,1.58
Vanuatu,1992,0.84
Venezuela,1992,1.17
Vietnam,1992,3.12
Yemen,1992,0.25
Zambia,1992,0.39
Zimbabwe,1992,1.16
Albania,1993,0.17
Algeria,1993,0.46
Angola,1993,0.05
Argentina,1993,0.94
Armenia,1993,0.02
Australia,1993,1.38
Austria,1993,2.66
Azerbaijan,1993,0.07
The Bahamas,1993,34.88
Bangladesh,1993,0.17
Belarus,1993,0.34
Belize,1993,11.25
Benin,1993,0.67
Bhutan,1993,0.02
Bolivia,1993,0.55
Bosnia and Herzegovina,1993,2.25
Botswana,1993,0.73
Brazil,1993,1.44
Bulgaria,1993,0.88
Burkina Faso,1993,0.12
Burundi,1993,0.07
Cambodia,1993,0.13
Cameroon,1993,0.17
Canada,1993,0.71
Central African Republic,1993,0.03
Chad,1993,0.02
Chile,1993,1.23
China,1993,1.3
Taiwan,1993,11.38
Colombia,1993,3.1
Republic of the Congo,1993,0.2
Costa Rica,1993,2.89
Ivory Coast,1993,0.0
Croatia,1993,2.27
Cuba,1993,1.01
Cyprus,1993,13.21
Czech Republic,1993,1.04
Democratic Republic of the Congo,1993,0.14
Denmark,1993,1.61
Djibouti,1993,13.52
Dominican Republic,1993,3.69
Ecuador,1993,0.62
Egypt,1993,1.38
El Salvador,1993,4.45
Equatorial Guinea,1993,0.19
Eritrea,1993,0.01
Estonia,1993,0.16
Swaziland,1993,3.9
Ethiopia,1993,0.02
Fiji,1993,0.57
Finland,1993,1.8
France,1993,4.78
Gabon,1993,0.59
Gambia,1993,0.67
Georgia,1993,2.73
Germany,1993,2.11
Ghana,1993,0.01
Greece,1993,2.25
Guatemala,1993,6.39
Guinea,1993,0.01
Guinea Bissau,1993,0.06
Haiti,1993,0.09
Honduras,1993,3.36
Hungary,1993,2.05
Iceland,1993,0.02
India,1993,0.39
Indonesia,1993,4.19
Iran,1993,0.51
Iraq,1993,0.12
Ireland,1993,4.95
Israel,1993,5.77
Italy,1993,7.85
Jamaica,1993,4.44
Japan,1993,15.58
Jordan,1993,2.63
Kazakhstan,1993,0.49
Kenya,1993,0.26
Kyrgyzstan,1993,1.55
Laos,1993,0.05
Latvia,1993,0.28
Lebanon,1993,3.99
Lesotho,1993,0.02
Liberia,1993,0.27
Libya,1993,1.01
Lithuania,1993,0.33
Madagascar,1993,0.03
Malawi,1993,0.07
Malaysia,1993,4.04
Mali,1993,0.03
Mauritania,1993,0.1
Mexico,1993,1.07
Mongolia,1993,0.09
Morocco,1993,1.08
Mozambique,1993,0.03
Myanmar,1993,0.02
Namibia,1993,0.82
Nepal,1993,0.03
Netherlands,1993,11.21
New Caledonia,1993,23.18
New Zealand,1993,8.6
Nicaragua,1993,0.63
Niger,1993,0.0
Nigeria,1993,0.03
Macedonia,1993,0.99
Norway,1993,0.84
Oman,1993,1.44
Pakistan,1993,0.54
West Bank,1993,5.74
Panama,1993,5.01
Papua New Guinea,1993,0.89
Paraguay,1993,2.42
Peru,1993,0.27
Philippines,1993,1.62
Poland,1993,0.6
Portugal,1993,3.0
Qatar,1993,21.48
South Korea,1993,12.65
Moldova,1993,1.14
Romania,1993,2.44
Russia,1993,0.2
Rwanda,1993,0.11
Saudi Arabia,1993,0.26
Senegal,1993,0.11
Sierra Leone,1993,0.43
Slovakia,1993,2.41
Slovenia,1993,4.73
Solomon Islands,1993,0.88
Somalia,1993,0.02
South Africa,1993,1.21
Spain,1993,1.5
Sri Lanka,1993,0.93
Suriname,1993,2.76
Sweden,1993,0.53
Switzerland,1993,4.47
Syria,1993,0.28
Tajikistan,1993,0.13
Thailand,1993,0.92
Togo,1993,0.09
Trinidad and Tobago,1993,4.19
Tunisia,1993,0.18
Turkey,1993,1.02
Turkmenistan,1993,0.61
Uganda,1993,0.08
Ukraine,1993,1.8
England,1993,5.26
United Republic of Tanzania,1993,0.0
USA,1993,2.11
Uruguay,1993,1.23
Vanuatu,1993,0.64
Venezuela,1993,1.17
Vietnam,1993,3.09
Yemen,1993,0.26
Zambia,1993,0.39
Zimbabwe,1993,0.58
Albania,1994,0.29
Algeria,1994,0.51
Angola,1994,0.03
Argentina,1994,1.08
Armenia,1994,0.05
Australia,1994,1.17
Austria,1994,2.41
Azerbaijan,1994,0.07
The Bahamas,1994,34.36
Bangladesh,1994,0.18
Belarus,1994,0.33
Belize,1994,11.9
Benin,1994,0.87
Bhutan,1994,0.15
Bolivia,1994,0.66
Bosnia and Herzegovina,1994,2.26
Botswana,1994,0.53
Brazil,1994,1.65
Bulgaria,1994,0.87
Burkina Faso,1994,0.12
Burundi,1994,0.06
Cambodia,1994,0.13
Cameroon,1994,0.09
Canada,1994,0.71
Central African Republic,1994,0.05
Chad,1994,0.02
Chile,1994,1.29
China,1994,1.49
Taiwan,1994,11.42
Colombia,1994,3.57
Republic of the Congo,1994,0.3
Costa Rica,1994,2.84
Ivory Coast,1994,0.02
Croatia,1994,2.5
Cuba,1994,1.0
Cyprus,1994,17.81
Czech Republic,1994,1.06
Democratic Republic of the Congo,1994,0.14
Denmark,1994,1.65
Djibouti,1994,13.44
Dominican Republic,1994,3.69
Ecuador,1994,0.88
Egypt,1994,1.42
El Salvador,1994,4.25
Equatorial Guinea,1994,0.52
Eritrea,1994,0.01
Estonia,1994,0.18
Swaziland,1994,3.9
Ethiopia,1994,0.02
Fiji,1994,0.68
Finland,1994,1.72
France,1994,4.64
Gabon,1994,0.68
Gambia,1994,0.86
Georgia,1994,2.73
Germany,1994,2.19
Ghana,1994,0.01
Greece,1994,1.62
Guatemala,1994,6.28
Guinea,1994,0.01
Guinea Bissau,1994,0.05
Haiti,1994,0.12
Honduras,1994,2.74
Hungary,1994,1.92
Iceland,1994,0.02
India,1994,0.36
Indonesia,1994,4.22
Iran,1994,0.55
Iraq,1994,0.13
Ireland,1994,4.99
Israel,1994,5.74
Italy,1994,7.29
Jamaica,1994,4.49
Japan,1994,15.7
Jordan,1994,2.75
Kazakhstan,1994,0.49
Kenya,1994,0.61
Kyrgyzstan,1994,1.4
Laos,1994,0.04
Latvia,1994,0.17
Lebanon,1994,3.98
Lesotho,1994,0.02
Liberia,1994,0.27
Libya,1994,0.98
Lithuania,1994,0.27
Madagascar,1994,0.02
Malawi,1994,0.08
Malaysia,1994,3.99
Mali,1994,0.03
Mauritania,1994,0.05
Mexico,1994,1.07
Mongolia,1994,0.09
Morocco,1994,1.1
Mozambique,1994,0.03
Myanmar,1994,0.02
Namibia,1994,0.76
Nepal,1994,0.03
Netherlands,1994,9.21
New Caledonia,1994,24.96
New Zealand,1994,8.04
Nicaragua,1994,0.51
Niger,1994,0.0
Nigeria,1994,0.03
Macedonia,1994,0.82
Norway,1994,0.94
Oman,1994,1.11
Pakistan,1994,0.54
West Bank,1994,6.66
Panama,1994,4.98
Papua New Guinea,1994,0.87
Paraguay,1994,3.22
Peru,1994,0.26
Philippines,1994,1.67
Poland,1994,0.64
Portugal,1994,3.25
Qatar,1994,22.41
South Korea,1994,12.75
Moldova,1994,1.17
Romania,1994,2.2
Russia,1994,0.2
Rwanda,1994,0.16
Saudi Arabia,1994,0.26
Senegal,1994,0.17
Sierra Leone,1994,0.43
Slovakia,1994,2.58
Slovenia,1994,4.1
Solomon Islands,1994,0.88
Somalia,1994,0.04
South Africa,1994,1.2
Spain,1994,1.6
Sri Lanka,1994,0.99
Suriname,1994,2.63
Sweden,1994,0.71
Switzerland,1994,4.34
Syria,1994,0.24
Tajikistan,1994,0.13
Thailand,1994,1.0
Togo,1994,0.09
Trinidad and Tobago,1994,3.97
Tunisia,1994,0.19
Turkey,1994,0.87
Turkmenistan,1994,0.58
Uganda,1994,0.08
Ukraine,1994,1.66
England,1994,5.68
United Republic of Tanzania,1994,0.07
USA,1994,2.31
Uruguay,1994,1.7
Vanuatu,1994,0.68
Venezuela,1994,1.17
Vietnam,1994,3.07
Yemen,1994,0.33
Zambia,1994,0.38
Zimbabwe,1994,0.52
Albania,1995,0.36
Algeria,1995,0.78
Angola,1995,0.11
Argentina,1995,1.35
Armenia,1995,0.05
Australia,1995,1.5
Austria,1995,2.28
Azerbaijan,1995,0.07
The Bahamas,1995,33.83
Bangladesh,1995,0.19
Belarus,1995,0.33
Belize,1995,12.29
Benin,1995,0.87
Bhutan,1995,0.18
Bolivia,1995,0.73
Bosnia and Herzegovina,1995,2.28
Botswana,1995,0.5
Brazil,1995,1.86
Bulgaria,1995,0.84
Burkina Faso,1995,0.11
Burundi,1995,0.11
Cambodia,1995,0.13
Cameroon,1995,0.01
Canada,1995,0.78
Central African Republic,1995,0.06
Chad,1995,0.02
Chile,1995,1.53
China,1995,1.64
Taiwan,1995,11.4
Colombia,1995,4.55
Republic of the Congo,1995,0.4
Costa Rica,1995,2.95
Ivory Coast,1995,0.02
Croatia,1995,2.77
Cuba,1995,1.0
Cyprus,1995,14.39
Czech Republic,1995,1.11
Democratic Republic of the Congo,1995,0.14
Denmark,1995,2.17
Djibouti,1995,12.53
Dominican Republic,1995,2.51
Ecuador,1995,0.89
Egypt,1995,1.34
El Salvador,1995,4.06
Equatorial Guinea,1995,0.59
Eritrea,1995,0.01
Estonia,1995,0.17
Swaziland,1995,3.9
Ethiopia,1995,0.02
Fiji,1995,0.79
Finland,1995,1.1
France,1995,4.34
Gabon,1995,0.74
Gambia,1995,1.0
Georgia,1995,2.86
Germany,1995,2.49
Ghana,1995,0.01
Greece,1995,1.71
Guatemala,1995,6.28
Guinea,1995,0.05
Guinea Bissau,1995,0.04
Haiti,1995,0.16
Honduras,1995,4.0
Hungary,1995,1.53
Iceland,1995,0.02
India,1995,0.36
Indonesia,1995,4.42
Iran,1995,0.47
Iraq,1995,0.16
Ireland,1995,5.39
Israel,1995,5.82
Italy,1995,7.7
Jamaica,1995,4.7
Japan,1995,15.84
Jordan,1995,2.36
Kazakhstan,1995,0.39
Kenya,1995,0.63
Kyrgyzstan,1995,1.24
Laos,1995,0.03
Latvia,1995,0.35
Lebanon,1995,3.95
Lesotho,1995,0.02
Liberia,1995,0.26
Libya,1995,0.94
Lithuania,1995,0.25
Madagascar,1995,0.02
Malawi,1995,0.07
Malaysia,1995,4.13
Mali,1995,0.02
Mauritania,1995,0.04
Mexico,1995,1.07
Mongolia,1995,0.09
Morocco,1995,1.17
Mozambique,1995,0.02
Myanmar,1995,0.03
Namibia,1995,0.7
Nepal,1995,0.03
Netherlands,1995,10.71
New Caledonia,1995,24.96
New Zealand,1995,8.87
Nicaragua,1995,0.47
Niger,1995,0.0
Nigeria,1995,0.06
Macedonia,1995,0.87
Norway,1995,0.92
Oman,1995,1.17
Pakistan,1995,0.53
West Bank,1995,6.38
Panama,1995,5.05
Papua New Guinea,1995,0.82
Paraguay,1995,3.95
Peru,1995,0.26
Philippines,1995,1.73
Poland,1995,0.49
Portugal,1995,4.07
Qatar,1995,22.71
South Korea,1995,13.02
Moldova,1995,1.19
Romania,1995,2.03
Russia,1995,0.2
Rwanda,1995,0.19
Saudi Arabia,1995,0.26
Senegal,1995,0.14
Sierra Leone,1995,0.43
Slovakia,1995,3.83
Slovenia,1995,4.31
Solomon Islands,1995,0.87
Somalia,1995,0.03
South Africa,1995,1.3
Spain,1995,1.49
Sri Lanka,1995,0.92
Suriname,1995,2.49
Sweden,1995,0.44
Switzerland,1995,4.1
Syria,1995,0.23
Tajikistan,1995,0.14
Thailand,1995,1.17
Togo,1995,0.09
Trinidad and Tobago,1995,4.06
Tunisia,1995,0.19
Turkey,1995,1.01
Turkmenistan,1995,0.55
Uganda,1995,0.11
Ukraine,1995,1.51
England,1995,5.63
United Republic of Tanzania,1995,0.06
USA,1995,2.3
Uruguay,1995,1.79
Vanuatu,1995,0.71
Venezuela,1995,1.16
Vietnam,1995,3.69
Yemen,1995,0.34
Zambia,1995,0.25
Zimbabwe,1995,0.81
Albania,1996,0.37
Algeria,1996,0.27
Angola,1996,0.01
Argentina,1996,1.93
Armenia,1996,0.06
Australia,1996,1.61
Austria,1996,2.4
Azerbaijan,1996,0.07
The Bahamas,1996,33.31
Bangladesh,1996,0.22
Belarus,1996,0.33
Belize,1996,12.79
Benin,1996,0.76
Bhutan,1996,0.19
Bolivia,1996,0.83
Bosnia and Herzegovina,1996,2.16
Botswana,1996,0.51
Brazil,1996,2.0
Bulgaria,1996,0.77
Burkina Faso,1996,0.14
Burundi,1996,0.16
Cambodia,1996,0.13
Cameroon,1996,0.03
Canada,1996,0.86
Central African Republic,1996,0.06
Chad,1996,0.02
Chile,1996,1.96
China,1996,1.72
Taiwan,1996,11.42
Colombia,1996,4.41
Republic of the Congo,1996,0.46
Costa Rica,1996,5.55
Ivory Coast,1996,0.02
Croatia,1996,2.83
Cuba,1996,1.04
Cyprus,1996,17.02
Czech Republic,1996,1.09
Democratic Republic of the Congo,1996,0.14
Denmark,1996,1.58
Djibouti,1996,12.45
Dominican Republic,1996,2.54
Ecuador,1996,0.8
Egypt,1996,1.42
El Salvador,1996,4.07
Equatorial Guinea,1996,0.5
Eritrea,1996,0.01
Estonia,1996,0.15
Swaziland,1996,3.9
Ethiopia,1996,0.04
Fiji,1996,0.91
Finland,1996,1.17
France,1996,5.05
Gabon,1996,0.81
Gambia,1996,1.18
Georgia,1996,2.89
Germany,1996,2.63
Ghana,1996,0.32
Greece,1996,1.87
Guatemala,1996,6.28
Guinea,1996,0.05
Guinea Bissau,1996,0.03
Haiti,1996,0.23
Honduras,1996,3.31
Hungary,1996,1.38
Iceland,1996,0.02
India,1996,0.33
Indonesia,1996,4.44
Iran,1996,0.29
Iraq,1996,0.12
Ireland,1996,3.88
Israel,1996,5.95
Italy,1996,6.78
Jamaica,1996,4.97
Japan,1996,15.98
Jordan,1996,3.5
Kazakhstan,1996,0.39
Kenya,1996,0.77
Kyrgyzstan,1996,1.09
Laos,1996,0.02
Latvia,1996,0.34
Lebanon,1996,3.84
Lesotho,1996,0.02
Liberia,1996,0.25
Libya,1996,0.86
Lithuania,1996,0.34
Madagascar,1996,0.04
Malawi,1996,0.07
Malaysia,1996,4.2
Mali,1996,0.02
Mauritania,1996,0.03
Mexico,1996,1.06
Mongolia,1996,0.09
Morocco,1996,1.18
Mozambique,1996,0.02
Myanmar,1996,0.01
Namibia,1996,0.7
Nepal,1996,0.03
Netherlands,1996,9.28
New Caledonia,1996,24.96
New Zealand,1996,7.9
Nicaragua,1996,1.09
Niger,1996,0.0
Nigeria,1996,0.11
Macedonia,1996,0.84
Norway,1996,0.7
Oman,1996,1.22
Pakistan,1996,0.53
West Bank,1996,6.55
Panama,1996,5.05
Papua New Guinea,1996,0.73
Paraguay,1996,4.85
Peru,1996,0.32
Philippines,1996,1.73
Poland,1996,0.68
Portugal,1996,4.56
Qatar,1996,24.82
South Korea,1996,12.66
Moldova,1996,1.22
Romania,1996,1.76
Russia,1996,0.2
Rwanda,1996,0.21
Saudi Arabia,1996,0.26
Senegal,1996,0.13
Sierra Leone,1996,0.43
Slovakia,1996,2.44
Slovenia,1996,4.25
Solomon Islands,1996,0.83
Somalia,1996,0.02
South Africa,1996,1.39
Spain,1996,1.74
Sri Lanka,1996,0.88
Suriname,1996,2.09
Sweden,1996,0.54
Switzerland,1996,3.94
Syria,1996,0.19
Tajikistan,1996,0.14
Thailand,1996,1.14
Togo,1996,0.09
Trinidad and Tobago,1996,3.84
Tunisia,1996,0.18
Turkey,1996,1.12
Turkmenistan,1996,0.53
Uganda,1996,0.11
Ukraine,1996,1.38
England,1996,5.78
United Republic of Tanzania,1996,0.0
USA,1996,2.39
Uruguay,1996,2.53
Vanuatu,1996,0.62
Venezuela,1996,1.16
Vietnam,1996,4.68
Yemen,1996,0.36
Zambia,1996,0.58
Zimbabwe,1996,0.75
Albania,1997,0.39
Algeria,1997,0.22
Angola,1997,0.01
Argentina,1997,2.74
Armenia,1997,0.08
Australia,1997,1.61
Austria,1997,2.49
Azerbaijan,1997,0.07
The Bahamas,1997,32.79
Bangladesh,1997,0.23
Belarus,1997,0.33
Belize,1997,13.28
Benin,1997,0.4
Bhutan,1997,0.01
Bolivia,1997,0.89
Bosnia and Herzegovina,1997,2.19
Botswana,1997,0.64
Brazil,1997,2.13
Bulgaria,1997,0.73
Burkina Faso,1997,0.19
Burundi,1997,0.09
Cambodia,1997,0.13
Cameroon,1997,0.09
Canada,1997,0.93
Central African Republic,1997,0.05
Chad,1997,0.01
Chile,1997,2.13
China,1997,1.8
Taiwan,1997,10.83
Colombia,1997,3.76
Republic of the Congo,1997,0.49
Costa Rica,1997,8.38
Ivory Coast,1997,0.02
Croatia,1997,2.75
Cuba,1997,1.0
Cyprus,1997,15.76
Czech Republic,1997,1.23
Democratic Republic of the Congo,1997,0.15
Denmark,1997,1.55
Djibouti,1997,12.38
Dominican Republic,1997,2.96
Ecuador,1997,2.53
Egypt,1997,1.42
El Salvador,1997,3.88
Equatorial Guinea,1997,0.24
Eritrea,1997,0.08
Estonia,1997,0.22
Swaziland,1997,3.63
Ethiopia,1997,0.04
Fiji,1997,1.04
Finland,1997,1.47
France,1997,5.65
Gabon,1997,0.84
Gambia,1997,1.11
Georgia,1997,2.9
Germany,1997,2.52
Ghana,1997,0.09
Greece,1997,2.37
Guatemala,1997,5.9
Guinea,1997,0.05
Guinea Bissau,1997,0.02
Haiti,1997,0.22
Honduras,1997,3.72
Hungary,1997,0.88
Iceland,1997,0.02
India,1997,0.31
Indonesia,1997,4.25
Iran,1997,0.36
Iraq,1997,0.18
Ireland,1997,5.14
Israel,1997,5.95
Italy,1997,7.73
Jamaica,1997,2.39
Japan,1997,16.13
Jordan,1997,3.24
Kazakhstan,1997,0.25
Kenya,1997,0.34
Kyrgyzstan,1997,0.93
Laos,1997,0.0
Latvia,1997,0.31
Lebanon,1997,5.64
Lesotho,1997,0.02
Liberia,1997,0.21
Libya,1997,0.66
Lithuania,1997,0.32
Madagascar,1997,0.04
Malawi,1997,0.07
Malaysia,1997,4.29
Mali,1997,0.01
Mauritania,1997,0.04
Mexico,1997,1.06
Mongolia,1997,0.09
Morocco,1997,1.23
Mozambique,1997,0.01
Myanmar,1997,0.01
Namibia,1997,0.7
Nepal,1997,0.03
Netherlands,1997,8.77
New Caledonia,1997,26.09
New Zealand,1997,7.97
Nicaragua,1997,1.62
Niger,1997,0.0
Nigeria,1997,0.26
Macedonia,1997,0.78
Norway,1997,0.82
Oman,1997,4.07
Pakistan,1997,0.52
West Bank,1997,6.6
Panama,1997,4.99
Papua New Guinea,1997,0.58
Paraguay,1997,5.75
Peru,1997,0.36
Philippines,1997,1.7
Poland,1997,0.66
Portugal,1997,4.92
Qatar,1997,28.36
South Korea,1997,12.9
Moldova,1997,1.24
Romania,1997,1.55
Russia,1997,0.2
Rwanda,1997,0.23
Saudi Arabia,1997,0.66
Senegal,1997,0.15
Sierra Leone,1997,0.43
Slovakia,1997,2.03
Slovenia,1997,6.07
Solomon Islands,1997,0.74
Somalia,1997,0.0
South Africa,1997,1.54
Spain,1997,1.79
Sri Lanka,1997,0.86
Suriname,1997,2.07
Sweden,1997,0.55
Switzerland,1997,3.76
Syria,1997,0.28
Tajikistan,1997,0.14
Thailand,1997,1.15
Togo,1997,0.1
Trinidad and Tobago,1997,3.89
Tunisia,1997,0.18
Turkey,1997,1.28
Turkmenistan,1997,0.48
Uganda,1997,0.13
Ukraine,1997,1.24
England,1997,5.52
United Republic of Tanzania,1997,0.0
USA,1997,2.4
Uruguay,1997,2.44
Vanuatu,1997,0.56
Venezuela,1997,1.16
Vietnam,1997,4.58
Yemen,1997,0.38
Zambia,1997,0.63
Zimbabwe,1997,0.83
Albania,1998,0.41
Algeria,1998,0.18
Angola,1998,0.01
Argentina,1998,2.19
Armenia,1998,0.1
Australia,1998,1.72
Austria,1998,2.26
Azerbaijan,1998,0.07
The Bahamas,1998,32.27
Bangladesh,1998,0.23
Belarus,1998,0.3
Belize,1998,13.9
Benin,1998,0.41
Bhutan,1998,0.01
Bolivia,1998,0.97
Bosnia and Herzegovina,1998,2.04
Botswana,1998,0.98
Brazil,1998,2.26
Bulgaria,1998,0.82
Burkina Faso,1998,0.24
Burundi,1998,0.08
Cambodia,1998,0.13
Cameroon,1998,0.04
Canada,1998,1.0
Central African Republic,1998,0.04
Chad,1998,0.01
Chile,1998,2.14
China,1998,1.84
Taiwan,1998,10.4
Colombia,1998,13.86
Republic of the Congo,1998,0.52
Costa Rica,1998,16.12
Ivory Coast,1998,0.01
Croatia,1998,2.41
Cuba,1998,1.02
Cyprus,1998,12.1
Czech Republic,1998,1.3
Democratic Republic of the Congo,1998,0.15
Denmark,1998,1.53
Djibouti,1998,12.31
Dominican Republic,1998,3.34
Ecuador,1998,7.16
Egypt,1998,1.45
El Salvador,1998,3.54
Equatorial Guinea,1998,0.24
Eritrea,1998,0.04
Estonia,1998,0.22
Swaziland,1998,3.56
Ethiopia,1998,0.04
Fiji,1998,1.17
Finland,1998,1.87
France,1998,5.54
Gabon,1998,0.79
Gambia,1998,1.04
Georgia,1998,2.9
Germany,1998,2.76
Ghana,1998,0.06
Greece,1998,2.76
Guatemala,1998,5.55
Guinea,1998,0.06
Guinea Bissau,1998,0.01
Haiti,1998,0.33
Honduras,1998,1.86
Hungary,1998,1.05
Iceland,1998,0.02
India,1998,0.29
Indonesia,1998,4.26
Iran,1998,0.4
Iraq,1998,0.16
Ireland,1998,5.03
Israel,1998,5.95
Italy,1998,7.55
Jamaica,1998,4.29
Japan,1998,16.27
Jordan,1998,3.07
Kazakhstan,1998,0.2
Kenya,1998,0.39
Kyrgyzstan,1998,0.78
Laos,1998,0.0
Latvia,1998,0.34
Lebanon,1998,5.57
Lesotho,1998,0.01
Liberia,1998,0.17
Libya,1998,0.52
Lithuania,1998,0.28
Madagascar,1998,0.03
Malawi,1998,0.05
Malaysia,1998,4.08
Mali,1998,0.01
Mauritania,1998,0.05
Mexico,1998,1.05
Mongolia,1998,0.09
Morocco,1998,1.27
Mozambique,1998,0.02
Myanmar,1998,0.03
Namibia,1998,0.7
Nepal,1998,0.04
Netherlands,1998,10.98
New Caledonia,1998,23.02
New Zealand,1998,6.81
Nicaragua,1998,2.15
Niger,1998,0.0
Nigeria,1998,0.24
Macedonia,1998,0.83
Norway,1998,1.03
Oman,1998,4.2
Pakistan,1998,0.55
West Bank,1998,6.54
Panama,1998,2.99
Papua New Guinea,1998,0.41
Paraguay,1998,4.14
Peru,1998,0.38
Philippines,1998,1.72
Poland,1998,0.6
Portugal,1998,5.74
Qatar,1998,29.4
South Korea,1998,11.57
Moldova,1998,1.27
Romania,1998,1.42
Russia,1998,0.21
Rwanda,1998,0.14
Saudi Arabia,1998,0.71
Senegal,1998,0.16
Sierra Leone,1998,0.43
Slovakia,1998,2.25
Slovenia,1998,5.37
Solomon Islands,1998,0.61
Somalia,1998,0.0
South Africa,1998,1.73
Spain,1998,1.89
Sri Lanka,1998,0.81
Suriname,1998,2.26
Sweden,1998,0.56
Switzerland,1998,3.59
Syria,1998,0.32
Tajikistan,1998,0.15
Thailand,1998,0.92
Togo,1998,0.11
Trinidad and Tobago,1998,3.98
Tunisia,1998,0.24
Turkey,1998,1.12
Turkmenistan,1998,0.51
Uganda,1998,0.16
Ukraine,1998,1.1
England,1998,5.62
United Republic of Tanzania,1998,0.0
USA,1998,2.37
Uruguay,1998,3.05
Vanuatu,1998,0.53
Venezuela,1998,1.16
Vietnam,1998,2.81
Yemen,1998,0.5
Zambia,1998,0.67
Zimbabwe,1998,0.88
Albania,1999,0.42
Algeria,1999,0.27
Angola,1999,0.01
Argentina,1999,2.57
Armenia,1999,0.12
Australia,1999,1.47
Austria,1999,2.32
Azerbaijan,1999,0.07
The Bahamas,1999,31.75
Bangladesh,1999,0.28
Belarus,1999,0.29
Belize,1999,13.62
Benin,1999,0.4
Bhutan,1999,0.01
Bolivia,1999,1.06
Bosnia and Herzegovina,1999,2.08
Botswana,1999,1.19
Brazil,1999,2.38
Bulgaria,1999,0.78
Burkina Faso,1999,0.2
Burundi,1999,0.11
Cambodia,1999,0.13
Cameroon,1999,0.09
Canada,1999,1.08
Central African Republic,1999,0.04
Chad,1999,0.01
Chile,1999,2.15
China,1999,1.99
Taiwan,1999,13.38
Colombia,1999,15.14
Republic of the Congo,1999,0.56
Costa Rica,1999,22.18
Ivory Coast,1999,0.01
Croatia,1999,2.36
Cuba,1999,0.93
Cyprus,1999,8.65
Czech Republic,1999,1.27
Democratic Republic of the Congo,1999,0.15
Denmark,1999,1.25
Djibouti,1999,12.24
Dominican Republic,1999,3.72
Ecuador,1999,4.77
Egypt,1999,1.38
El Salvador,1999,3.24
Equatorial Guinea,1999,0.23
Eritrea,1999,0.04
Estonia,1999,0.21
Swaziland,1999,2.97
Ethiopia,1999,0.05
Fiji,1999,1.31
Finland,1999,1.92
France,1999,5.88
Gabon,1999,0.74
Gambia,1999,1.04
Georgia,1999,2.91
Germany,1999,2.49
Ghana,1999,0.02
Greece,1999,2.49
Guatemala,1999,5.23
Guinea,1999,0.07
Guinea Bissau,1999,0.0
Haiti,1999,0.3
Honduras,1999,1.31
Hungary,1999,0.91
Iceland,1999,0.02
India,1999,0.27
Indonesia,1999,4.18
Iran,1999,0.47
Iraq,1999,0.11
Ireland,1999,4.11
Israel,1999,7.12
Italy,1999,7.14
Jamaica,1999,5.27
Japan,1999,16.4
Jordan,1999,1.9
Kazakhstan,1999,0.15
Kenya,1999,0.38
Kyrgyzstan,1999,0.63
Laos,1999,0.0
Latvia,1999,0.33
Lebanon,1999,6.85
Lesotho,1999,0.01
Liberia,1999,0.13
Libya,1999,0.32
Lithuania,1999,0.23
Madagascar,1999,0.01
Malawi,1999,0.04
Malaysia,1999,4.39
Mali,1999,0.01
Mauritania,1999,0.05
Mexico,1999,1.05
Mongolia,1999,0.1
Morocco,1999,1.34
Mozambique,1999,0.03
Myanmar,1999,0.04
Namibia,1999,0.7
Nepal,1999,0.04
Netherlands,1999,9.25
New Caledonia,1999,20.95
New Zealand,1999,5.62
Nicaragua,1999,1.97
Niger,1999,0.0
Nigeria,1999,0.2
Macedonia,1999,0.65
Norway,1999,0.9
Oman,1999,2.42
Pakistan,1999,0.61
West Bank,1999,7.41
Panama,1999,2.28
Papua New Guinea,1999,0.31
Paraguay,1999,1.66
Peru,1999,0.35
Philippines,1999,1.79
Poland,1999,0.59
Portugal,1999,6.35
Qatar,1999,27.87
South Korea,1999,13.61
Moldova,1999,1.29
Romania,1999,1.15
Russia,1999,0.23
Rwanda,1999,0.13
Saudi Arabia,1999,0.75
Senegal,1999,0.14
Sierra Leone,1999,0.43
Slovakia,1999,1.78
Slovenia,1999,5.62
Solomon Islands,1999,0.48
Somalia,1999,0.01
South Africa,1999,1.85
Spain,1999,1.83
Sri Lanka,1999,0.93
Suriname,1999,2.44
Sweden,1999,0.58
Switzerland,1999,3.53
Syria,1999,0.31
Tajikistan,1999,0.15
Thailand,1999,1.08
Togo,1999,0.12
Trinidad and Tobago,1999,3.75
Tunisia,1999,0.24
Turkey,1999,1.23
Turkmenistan,1999,0.49
Uganda,1999,0.23
Ukraine,1999,0.96
England,1999,5.95
United Republic of Tanzania,1999,0.0
USA,1999,2.44
Uruguay,1999,2.8
Vanuatu,1999,0.51
Venezuela,1999,1.16
Vietnam,1999,2.15
Yemen,1999,0.56
Zambia,1999,0.71
Zimbabwe,1999,0.83
Albania,2000,0.44
Algeria,2000,0.31
Angola,2000,0.01
Argentina,2000,2.94
Armenia,2000,0.14
Australia,2000,1.41
Austria,2000,2.42
Azerbaijan,2000,0.07
The Bahamas,2000,31.23
Bangladesh,2000,0.36
Belarus,2000,0.29
Belgium,2000,10.83
Belize,2000,13.09
Benin,2000,0.38
Bhutan,2000,0.02
Bolivia,2000,1.14
Bosnia and Herzegovina,2000,1.99
Botswana,2000,1.07
Brazil,2000,2.57
Bulgaria,2000,0.76
Burkina Faso,2000,0.14
Burundi,2000,0.08
Cambodia,2000,0.12
Cameroon,2000,0.08
Canada,2000,0.97
Central African Republic,2000,0.02
Chad,2000,0.01
Chile,2000,2.28
China,2000,1.91
Taiwan,2000,10.58
Colombia,2000,16.69
Republic of the Congo,2000,0.6
Costa Rica,2000,29.15
Ivory Coast,2000,0.01
Croatia,2000,2.99
Cuba,2000,0.9
Cyprus,2000,5.31
Czech Republic,2000,1.37
Democratic Republic of the Congo,2000,0.15
Denmark,2000,1.39
Djibouti,2000,12.16
Dominican Republic,2000,3.86
Ecuador,2000,6.02
Egypt,2000,1.5
El Salvador,2000,3.08
Equatorial Guinea,2000,0.17
Eritrea,2000,0.04
Estonia,2000,0.37
Swaziland,2000,2.89
Ethiopia,2000,0.06
Fiji,2000,1.46
Finland,2000,1.65
France,2000,5.02
Gabon,2000,0.71
Gambia,2000,0.93
Georgia,2000,2.9
Germany,2000,2.93
Ghana,2000,0.01
Greece,2000,2.76
Guatemala,2000,4.94
Guinea,2000,0.07
Guinea Bissau,2000,0.08
Haiti,2000,0.31
Honduras,2000,3.07
Hungary,2000,0.86
Iceland,2000,0.03
India,2000,0.26
Indonesia,2000,4.27
Iran,2000,0.58
Iraq,2000,0.12
Ireland,2000,3.96
Israel,2000,8.16
Italy,2000,7.04
Jamaica,2000,5.52
Japan,2000,16.53
Jordan,2000,1.99
Kazakhstan,2000,0.1
Kenya,2000,0.36
Kyrgyzstan,2000,0.48
Laos,2000,0.0
Latvia,2000,0.29
Lebanon,2000,6.73
Lesotho,2000,0.02
Liberia,2000,0.11
Libya,2000,0.32
Lithuania,2000,0.24
Luxembourg,2000,2.45
Madagascar,2000,0.04
Malawi,2000,0.07
Malaysia,2000,4.54
Mali,2000,0.01
Mauritania,2000,0.06
Mexico,2000,1.05
Mongolia,2000,0.1
Morocco,2000,1.39
Mozambique,2000,0.03
Myanmar,2000,0.05
Namibia,2000,1.61
Nepal,2000,0.05
Netherlands,2000,10.76
New Caledonia,2000,20.09
New Zealand,2000,8.01
Nicaragua,2000,1.83
Niger,2000,0.0
Nigeria,2000,0.1
Macedonia,2000,0.49
Norway,2000,0.39
Oman,2000,0.62
Pakistan,2000,0.84
West Bank,2000,6.61
Panama,2000,1.58
Papua New Guinea,2000,0.26
Paraguay,2000,1.13
Peru,2000,0.44
Philippines,2000,1.79
Poland,2000,0.62
Portugal,2000,6.09
Qatar,2000,21.35
South Korea,2000,13.39
Moldova,2000,1.33
Romania,2000,0.95
Russia,2000,0.24
Rwanda,2000,0.11
Saudi Arabia,2000,0.8
Senegal,2000,0.15
Sierra Leone,2000,0.37
Slovakia,2000,0.93
Slovenia,2000,7.2
Solomon Islands,2000,0.35
Somalia,2000,0.02
South Africa,2000,1.89
Spain,2000,1.89
Sri Lanka,2000,0.89
Suriname,2000,2.63
Sweden,2000,0.66
Switzerland,2000,3.65
Syria,2000,0.21
Tajikistan,2000,0.15
Thailand,2000,0.96
Togo,2000,0.13
Trinidad and Tobago,2000,3.53
Tunisia,2000,0.28
Turkey,2000,1.27
Turkmenistan,2000,0.49
Uganda,2000,0.22
Ukraine,2000,0.82
England,2000,5.57
United Republic of Tanzania,2000,0.0
USA,2000,2.41
Uruguay,2000,2.58
Vanuatu,2000,0.49
Venezuela,2000,1.16
Vietnam,2000,2.03
Yemen,2000,0.54
Zambia,2000,0.76
Zimbabwe,2000,0.79
Albania,2001,0.46
Algeria,2001,0.35
Angola,2001,0.01
Argentina,2001,3.31
Armenia,2001,0.16
Australia,2001,1.33
Austria,2001,2.15
Azerbaijan,2001,0.07
The Bahamas,2001,30.7
Bangladesh,2001,0.38
Belarus,2001,0.33
Belgium,2001,9.85
Belize,2001,17.36
Benin,2001,0.28
Bhutan,2001,0.01
Bolivia,2001,1.24
Bosnia and Herzegovina,2001,1.95
Botswana,2001,2.17
Brazil,2001,2.73
Bulgaria,2001,0.74
Burkina Faso,2001,0.1
Burundi,2001,0.05
Cambodia,2001,0.11
Cameroon,2001,0.1
Canada,2001,0.94
Central African Republic,2001,0.01
Chad,2001,0.01
Chile,2001,2.38
China,2001,1.89
Taiwan,2001,9.98
Colombia,2001,20.68
Republic of the Congo,2001,0.64
Costa Rica,2001,21.84
Ivory Coast,2001,0.01
Croatia,2001,2.83
Cuba,2001,0.81
Cyprus,2001,6.22
Czech Republic,2001,1.4
Democratic Republic of the Congo,2001,0.15
Denmark,2001,1.44
Djibouti,2001,12.09
Dominican Republic,2001,5.45
Ecuador,2001,2.62
Egypt,2001,1.51
El Salvador,2001,2.91
Equatorial Guinea,2001,0.12
Eritrea,2001,0.05
Estonia,2001,0.47
Swaziland,2001,2.36
Ethiopia,2001,0.06
Fiji,2001,1.61
Finland,2001,1.86
France,2001,5.12
Gabon,2001,0.67
Gambia,2001,0.96
Georgia,2001,2.9
Germany,2001,2.78
Ghana,2001,0.01
Greece,2001,2.78
Guatemala,2001,4.67
Guinea,2001,0.08
Guinea Bissau,2001,0.15
Haiti,2001,0.26
Honduras,2001,0.8
Hungary,2001,1.14
Iceland,2001,0.04
India,2001,0.26
Indonesia,2001,4.25
Iran,2001,0.52
Iraq,2001,0.19
Ireland,2001,4.57
Israel,2001,9.26
Italy,2001,6.82
Jamaica,2001,5.97
Japan,2001,16.43
Jordan,2001,5.46
Kazakhstan,2001,0.1
Kenya,2001,0.33
Kyrgyzstan,2001,0.43
Laos,2001,0.0
Latvia,2001,0.38
Lebanon,2001,6.9
Lesotho,2001,0.03
Liberia,2001,0.1
Libya,2001,0.4
Lithuania,2001,0.43
Luxembourg,2001,2.45
Madagascar,2001,0.02
Malawi,2001,0.06
Malaysia,2001,4.65
Mali,2001,0.01
Mauritania,2001,0.05
Mexico,2001,0.91
Mongolia,2001,0.1
Morocco,2001,1.48
Mozambique,2001,0.04
Myanmar,2001,0.07
Namibia,2001,1.64
Nepal,2001,0.05
Netherlands,2001,9.05
New Caledonia,2001,21.37
New Zealand,2001,7.3
Nicaragua,2001,1.66
Niger,2001,0.0
Nigeria,2001,0.11
Macedonia,2001,0.29
Norway,2001,0.58
Oman,2001,0.9
Pakistan,2001,0.84
West Bank,2001,6.72
Panama,2001,3.94
Papua New Guinea,2001,0.24
Paraguay,2001,3.3
Peru,2001,0.59
Philippines,2001,1.81
Poland,2001,0.64
Portugal,2001,6.43
Qatar,2001,19.56
South Korea,2001,14.94
Moldova,2001,1.34
Romania,2001,0.8
Russia,2001,0.25
Rwanda,2001,0.05
Saudi Arabia,2001,0.84
Senegal,2001,0.09
Sierra Leone,2001,0.19
Slovakia,2001,1.05
Slovenia,2001,6.83
Solomon Islands,2001,0.23
Somalia,2001,0.03
South Africa,2001,1.83
Spain,2001,1.98
Sri Lanka,2001,0.89
Suriname,2001,4.2
Sweden,2001,0.67
Switzerland,2001,3.61
Syria,2001,0.18
Tajikistan,2001,0.15
Thailand,2001,1.45
Togo,2001,0.15
Trinidad and Tobago,2001,3.68
Tunisia,2001,0.28
Turkey,2001,0.97
Turkmenistan,2001,0.44
Uganda,2001,0.19
Ukraine,2001,0.67
England,2001,5.77
United Republic of Tanzania,2001,0.0
USA,2001,2.31
Uruguay,2001,3.12
Vanuatu,2001,0.48
Venezuela,2001,1.16
Vietnam,2001,2.17
Yemen,2001,0.49
Zambia,2001,0.84
Zimbabwe,2001,0.82
Albania,2002,0.47
Algeria,2002,0.38
Angola,2002,0.01
Argentina,2002,3.67
Armenia,2002,0.18
Australia,2002,1.11
Austria,2002,2.11
Azerbaijan,2002,0.07
The Bahamas,2002,30.18
Bangladesh,2002,0.48
Belarus,2002,0.28
Belgium,2002,10.79
Belize,2002,14.99
Benin,2002,0.28
Bhutan,2002,0.01
Bolivia,2002,1.29
Bosnia and Herzegovina,2002,2.0
Botswana,2002,1.76
Brazil,2002,2.58
Bulgaria,2002,0.73
Burkina Faso,2002,0.14
Burundi,2002,0.07
Cambodia,2002,0.11
Cameroon,2002,0.31
Canada,2002,0.84
Central African Republic,2002,0.01
Chad,2002,0.01
Chile,2002,2.73
China,2002,1.95
Taiwan,2002,12.45
Colombia,2002,22.49
Republic of the Congo,2002,0.68
Costa Rica,2002,22.54
Ivory Coast,2002,0.01
Croatia,2002,2.7
Cuba,2002,0.74
Cyprus,2002,7.63
Czech Republic,2002,1.77
Democratic Republic of the Congo,2002,0.15
Denmark,2002,1.26
Djibouti,2002,12.02
Dominican Republic,2002,3.05
Ecuador,2002,0.5
Egypt,2002,1.5
El Salvador,2002,2.76
Equatorial Guinea,2002,0.09
Eritrea,2002,0.05
Estonia,2002,0.52
Swaziland,2002,3.95
Ethiopia,2002,0.08
Fiji,2002,1.78
Finland,2002,2.14
France,2002,4.23
Gabon,2002,0.53
Gambia,2002,1.01
Georgia,2002,2.9
Germany,2002,2.87
Ghana,2002,0.02
Greece,2002,3.32
Guatemala,2002,4.42
Guinea,2002,0.09
Guinea Bissau,2002,0.16
Haiti,2002,0.33
Honduras,2002,1.24
Hungary,2002,1.72
Iceland,2002,0.03
India,2002,0.25
Indonesia,2002,4.42
Iran,2002,0.55
Iraq,2002,0.19
Ireland,2002,5.03
Israel,2002,10.22
Italy,2002,8.65
Jamaica,2002,5.6
Japan,2002,14.75
Jordan,2002,5.54
Kazakhstan,2002,0.12
Kenya,2002,0.3
Kyrgyzstan,2002,0.52
Laos,2002,0.0
Latvia,2002,0.34
Lebanon,2002,6.7
Lesotho,2002,0.1
Liberia,2002,0.1
Libya,2002,0.56
Lithuania,2002,0.47
Luxembourg,2002,2.45
Madagascar,2002,0.07
Malawi,2002,0.04
Malaysia,2002,4.68
Mali,2002,0.01
Mauritania,2002,0.05
Mexico,2002,0.45
Mongolia,2002,0.1
Morocco,2002,1.54
Mozambique,2002,0.04
Myanmar,2002,0.09
Namibia,2002,1.54
Nepal,2002,0.05
Netherlands,2002,9.25
New Caledonia,2002,23.62
New Zealand,2002,9.51
Nicaragua,2002,2.5
Niger,2002,0.0
Nigeria,2002,0.17
Macedonia,2002,0.44
Norway,2002,0.91
Oman,2002,1.19
Pakistan,2002,0.84
West Bank,2002,6.59
Panama,2002,3.02
Papua New Guinea,2002,0.28
Paraguay,2002,3.55
Peru,2002,0.56
Philippines,2002,1.87
Poland,2002,0.78
Portugal,2002,7.25
Qatar,2002,22.95
South Korea,2002,13.87
Moldova,2002,1.22
Romania,2002,0.8
Russia,2002,0.26
Rwanda,2002,0.07
Saudi Arabia,2002,0.89
Senegal,2002,0.11
Sierra Leone,2002,0.08
Slovakia,2002,1.14
Slovenia,2002,5.88
Solomon Islands,2002,0.2
Somalia,2002,0.02
South Africa,2002,1.93
Spain,2002,2.28
Sri Lanka,2002,0.89
Suriname,2002,7.12
Sweden,2002,0.83
Switzerland,2002,3.54
Syria,2002,0.2
Tajikistan,2002,0.15
Thailand,2002,1.92
Togo,2002,0.16
Trinidad and Tobago,2002,3.42
Tunisia,2002,0.24
Turkey,2002,1.05
Turkmenistan,2002,0.43
Uganda,2002,0.17
Ukraine,2002,0.52
England,2002,5.31
United Republic of Tanzania,2002,0.0
USA,2002,2.35
Uruguay,2002,3.61
Vanuatu,2002,0.48
Venezuela,2002,1.16
Vietnam,2002,2.67
Yemen,2002,0.56
Zambia,2002,0.93
Zimbabwe,2002,0.82
Albania,2003,0.49
Algeria,2003,0.42
Angola,2003,0.01
Argentina,2003,3.79
Armenia,2003,0.2
Australia,2003,1.38
Austria,2003,2.33
Azerbaijan,2003,0.07
The Bahamas,2003,29.66
Bangladesh,2003,0.63
Belarus,2003,0.34
Belgium,2003,10.3
Belize,2003,13.13
Benin,2003,0.26
Bhutan,2003,0.03
Bolivia,2003,1.3
Bosnia and Herzegovina,2003,1.92
Botswana,2003,1.94
Brazil,2003,3.18
Bulgaria,2003,0.7
Burkina Faso,2003,0.19
Burundi,2003,0.2
Cambodia,2003,0.11
Cameroon,2003,0.31
Canada,2003,0.88
Central African Republic,2003,0.02
Chad,2003,0.01
Chile,2003,2.88
China,2003,1.96
Taiwan,2003,12.02
Colombia,2003,23.68
Republic of the Congo,2003,0.71
Costa Rica,2003,22.77
Ivory Coast,2003,0.01
Croatia,2003,2.57
Cuba,2003,0.71
Cyprus,2003,5.21
Czech Republic,2003,1.64
Democratic Republic of the Congo,2003,0.15
Denmark,2003,1.3
Djibouti,2003,11.24
Dominican Republic,2003,0.69
Ecuador,2003,12.32
Egypt,2003,1.54
El Salvador,2003,2.6
Equatorial Guinea,2003,0.19
Eritrea,2003,0.05
Estonia,2003,0.58
Swaziland,2003,5.01
Ethiopia,2003,0.09
Fiji,2003,1.96
Finland,2003,2.14
France,2003,3.83
Gabon,2003,0.5
Gambia,2003,1.44
Georgia,2003,2.89
Germany,2003,2.95
Ghana,2003,0.02
Greece,2003,3.21
Guatemala,2003,4.19
Guinea,2003,0.09
Guinea Bissau,2003,0.16
Haiti,2003,0.39
Honduras,2003,1.67
Hungary,2003,1.82
Iceland,2003,0.03
India,2003,0.24
Indonesia,2003,4.64
Iran,2003,0.57
Iraq,2003,0.18
Ireland,2003,5.1
Israel,2003,11.69
Italy,2003,8.17
Jamaica,2003,5.88
Japan,2003,14.33
Jordan,2003,5.02
Kazakhstan,2003,0.13
Kenya,2003,0.31
Kyrgyzstan,2003,0.92
Laos,2003,0.0
Latvia,2003,0.49
Lebanon,2003,6.56
Lesotho,2003,0.09
Liberia,2003,0.14
Libya,2003,1.11
Lithuania,2003,0.54
Luxembourg,2003,2.45
Madagascar,2003,0.04
Malawi,2003,0.03
Malaysia,2003,4.98
Mali,2003,0.01
Mauritania,2003,0.11
Mexico,2003,0.63
Mongolia,2003,0.1
Morocco,2003,1.48
Mozambique,2003,0.05
Myanmar,2003,0.08
Namibia,2003,0.49
Nepal,2003,0.06
Netherlands,2003,8.5
New Caledonia,2003,25.18
New Zealand,2003,8.7
Nicaragua,2003,2.66
Niger,2003,0.0
Nigeria,2003,0.23
Macedonia,2003,0.41
Norway,2003,0.76
Oman,2003,1.49
Pakistan,2003,0.84
West Bank,2003,6.57
Panama,2003,3.46
Papua New Guinea,2003,0.34
Paraguay,2003,3.81
Peru,2003,0.55
Philippines,2003,1.88
Poland,2003,0.56
Portugal,2003,7.35
Qatar,2003,25.62
South Korea,2003,13.33
Moldova,2003,1.27
Romania,2003,0.7
Russia,2003,0.28
Rwanda,2003,0.1
Saudi Arabia,2003,0.94
Senegal,2003,0.13
Sierra Leone,2003,0.04
Slovakia,2003,1.05
Slovenia,2003,6.74
Solomon Islands,2003,0.27
Somalia,2003,0.04
South Africa,2003,1.95
Spain,2003,2.31
Sri Lanka,2003,0.89
Suriname,2003,7.07
Sweden,2003,0.96
Switzerland,2003,3.44
Syria,2003,0.26
Tajikistan,2003,0.15
Thailand,2003,2.4
Togo,2003,0.17
Trinidad and Tobago,2003,3.15
Tunisia,2003,0.26
Turkey,2003,1.27
Turkmenistan,2003,0.4
Uganda,2003,0.17
Ukraine,2003,0.38
England,2003,5.39
United Republic of Tanzania,2003,0.0
USA,2003,2.32
Uruguay,2003,5.21
Vanuatu,2003,0.48
Venezuela,2003,1.19
Vietnam,2003,3.13
Yemen,2003,0.69
Zambia,2003,0.88
Zimbabwe,2003,0.82
Albania,2004,0.51
Algeria,2004,0.45
Angola,2004,0.01
Argentina,2004,3.9
Armenia,2004,0.41
Australia,2004,1.39
Austria,2004,2.28
Azerbaijan,2004,0.07
The Bahamas,2004,29.14
Bangladesh,2004,0.8
Belarus,2004,0.41
Belgium,2004,10.67
Belize,2004,11.27
Benin,2004,0.21
Bhutan,2004,0.04
Bolivia,2004,1.71
Bosnia and Herzegovina,2004,1.92
Botswana,2004,1.39
Brazil,2004,3.68
Bulgaria,2004,0.67
Burkina Faso,2004,0.24
Burundi,2004,0.37
Cambodia,2004,0.11
Cameroon,2004,0.35
Canada,2004,0.9
Central African Republic,2004,0.02
Chad,2004,0.01
Chile,2004,3.06
China,2004,2.04
Taiwan,2004,11.61
Colombia,2004,28.46
Republic of the Congo,2004,0.75
Costa Rica,2004,23.45
Ivory Coast,2004,0.01
Croatia,2004,2.5
Cuba,2004,0.75
Cyprus,2004,4.63
Czech Republic,2004,1.92
Democratic Republic of the Congo,2004,0.15
Denmark,2004,1.27
Djibouti,2004,11.17
Dominican Republic,2004,3.04
Ecuador,2004,11.81
Egypt,2004,1.54
El Salvador,2004,2.33
Equatorial Guinea,2004,0.31
Eritrea,2004,0.05
Estonia,2004,0.66
Swaziland,2004,6.57
Ethiopia,2004,0.09
Fiji,2004,2.15
Finland,2004,2.14
France,2004,3.91
Gabon,2004,0.73
Gambia,2004,2.15
Georgia,2004,5.58
Germany,2004,2.89
Ghana,2004,0.02
Greece,2004,3.5
Guatemala,2004,5.05
Guinea,2004,0.1
Guinea Bissau,2004,0.15
Haiti,2004,0.39
Honduras,2004,2.11
Hungary,2004,2.07
Iceland,2004,0.05
India,2004,0.21
Indonesia,2004,4.86
Iran,2004,0.56
Iraq,2004,0.18
Ireland,2004,5.69
Israel,2004,14.18
Italy,2004,7.96
Jamaica,2004,5.58
Japan,2004,13.72
Jordan,2004,2.5
Kazakhstan,2004,0.13
Kenya,2004,0.32
Kyrgyzstan,2004,0.94
Laos,2004,0.0
Latvia,2004,0.58
Lebanon,2004,6.53
Lesotho,2004,0.09
Liberia,2004,0.18
Libya,2004,1.5
Lithuania,2004,0.62
Luxembourg,2004,2.45
Madagascar,2004,0.02
Malawi,2004,0.02
Malaysia,2004,5.26
Mali,2004,0.01
Mauritania,2004,0.12
Mexico,2004,0.72
Mongolia,2004,0.1
Morocco,2004,1.67
Mozambique,2004,0.05
Myanmar,2004,0.1
Namibia,2004,0.35
Nepal,2004,0.06
Netherlands,2004,9.2
New Caledonia,2004,24.48
New Zealand,2004,8.8
Nicaragua,2004,2.4
Niger,2004,0.0
Nigeria,2004,0.31
Macedonia,2004,0.51
Norway,2004,0.95
Oman,2004,1.8
Pakistan,2004,0.86
West Bank,2004,6.55
Panama,2004,3.66
Papua New Guinea,2004,0.38
Paraguay,2004,4.08
Peru,2004,0.61
Philippines,2004,1.81
Poland,2004,0.67
Portugal,2004,7.57
Qatar,2004,34.55
South Korea,2004,13.79
Moldova,2004,1.36
Romania,2004,0.73
Russia,2004,0.29
Rwanda,2004,0.11
Saudi Arabia,2004,0.98
Senegal,2004,0.14
Sierra Leone,2004,0.05
Slovakia,2004,1.11
Slovenia,2004,7.6
Solomon Islands,2004,0.35
Somalia,2004,0.06
South Africa,2004,2.05
Spain,2004,2.64
Sri Lanka,2004,0.93
Suriname,2004,6.07
Sweden,2004,0.51
Switzerland,2004,3.24
Syria,2004,0.28
Tajikistan,2004,0.15
Thailand,2004,3.06
Togo,2004,0.24
Trinidad and Tobago,2004,3.13
Tunisia,2004,0.32
Turkey,2004,1.08
Turkmenistan,2004,0.39
Uganda,2004,0.2
Ukraine,2004,0.46
England,2004,5.32
United Republic of Tanzania,2004,0.0
USA,2004,2.38
Uruguay,2004,6.29
Vanuatu,2004,0.48
Venezuela,2004,1.17
Vietnam,2004,3.52
Yemen,2004,0.78
Zambia,2004,0.93
Zimbabwe,2004,0.8
Albania,2005,0.55
Algeria,2005,0.34
Angola,2005,0.01
Argentina,2005,3.99
Armenia,2005,0.44
Australia,2005,1.28
Austria,2005,2.35
Azerbaijan,2005,0.07
The Bahamas,2005,28.62
Bangladesh,2005,0.93
Belarus,2005,0.64
Belgium,2005,11.31
Belize,2005,9.41
Benin,2005,0.2
Bhutan,2005,0.01
Bolivia,2005,1.78
Bosnia and Herzegovina,2005,1.95
Botswana,2005,1.53
Brazil,2005,3.91
Bulgaria,2005,0.66
Burkina Faso,2005,0.27
Burundi,2005,0.23
Cambodia,2005,0.12
Cameroon,2005,0.31
Canada,2005,0.91
Central African Republic,2005,0.02
Chad,2005,0.01
Chile,2005,3.41
China,2005,2.13
Taiwan,2005,11.08
Colombia,2005,32.63
Republic of the Congo,2005,0.78
Costa Rica,2005,24.62
Ivory Coast,2005,0.01
Croatia,2005,2.31
Cuba,2005,0.86
Cyprus,2005,4.09
Czech Republic,2005,1.96
Democratic Republic of the Congo,2005,0.15
Denmark,2005,1.39
Djibouti,2005,11.1
Dominican Republic,2005,2.88
Ecuador,2005,7.33
Egypt,2005,1.55
El Salvador,2005,2.3
Equatorial Guinea,2005,0.61
Eritrea,2005,0.04
Estonia,2005,0.64
Swaziland,2005,5.69
Ethiopia,2005,0.1
Fiji,2005,2.35
Finland,2005,2.21
France,2005,4.02
Gabon,2005,1.02
Gambia,2005,3.01
Georgia,2005,5.31
Germany,2005,3.01
Ghana,2005,0.03
Greece,2005,3.7
Guatemala,2005,6.03
Guinea,2005,0.1
Guinea Bissau,2005,0.15
Haiti,2005,0.34
Honduras,2005,2.53
Hungary,2005,2.01
Iceland,2005,0.04
India,2005,0.21
Indonesia,2005,4.98
Iran,2005,0.43
Iraq,2005,0.18
Ireland,2005,5.34
Israel,2005,15.45
Italy,2005,8.19
Jamaica,2005,5.77
Japan,2005,13.6
Jordan,2005,6.41
Kazakhstan,2005,0.13
Kenya,2005,0.37
Kyrgyzstan,2005,0.8
Laos,2005,0.0
Latvia,2005,0.65
Lebanon,2005,6.42
Lesotho,2005,0.04
Liberia,2005,0.29
Libya,2005,1.63
Lithuania,2005,0.54
Luxembourg,2005,2.49
Madagascar,2005,0.03
Malawi,2005,0.09
Malaysia,2005,5.49
Mali,2005,0.0
Mauritania,2005,0.12
Mexico,2005,1.51
Mongolia,2005,0.1
Morocco,2005,1.55
Mozambique,2005,0.05
Myanmar,2005,0.13
Namibia,2005,0.43
Nepal,2005,0.05
Netherlands,2005,9.37
New Caledonia,2005,22.87
New Zealand,2005,8.72
Nicaragua,2005,4.2
Niger,2005,0.0
Nigeria,2005,0.36
Macedonia,2005,0.31
Norway,2005,0.6
Oman,2005,2.32
Pakistan,2005,0.86
West Bank,2005,6.54
Panama,2005,3.78
Papua New Guinea,2005,0.38
Paraguay,2005,4.33
Peru,2005,0.69
Philippines,2005,1.86
Poland,2005,1.28
Portugal,2005,7.96
Qatar,2005,34.85
South Korea,2005,13.44
Moldova,2005,1.12
Romania,2005,0.8
Russia,2005,0.3
Rwanda,2005,0.16
Saudi Arabia,2005,1.03
Senegal,2005,0.15
Sierra Leone,2005,0.05
Slovakia,2005,1.09
Slovenia,2005,6.78
Solomon Islands,2005,0.39
Somalia,2005,0.08
South Africa,2005,2.19
Spain,2005,2.3
Sri Lanka,2005,0.84
Suriname,2005,7.31
Sweden,2005,0.79
Switzerland,2005,3.24
Syria,2005,0.28
Tajikistan,2005,0.15
Thailand,2005,2.03
Togo,2005,0.08
Trinidad and Tobago,2005,2.89
Tunisia,2005,0.3
Turkey,2005,1.52
Turkmenistan,2005,0.36
Uganda,2005,0.21
Ukraine,2005,0.69
England,2005,5.44
United Republic of Tanzania,2005,0.0
USA,2005,2.33
Uruguay,2005,6.4
Vanuatu,2005,0.48
Venezuela,2005,1.17
Vietnam,2005,3.89
Yemen,2005,0.82
Zambia,2005,1.02
Zimbabwe,2005,0.79
Albania,2006,0.53
Algeria,2006,0.3
Angola,2006,0.01
Argentina,2006,4.09
Armenia,2006,0.45
Australia,2006,1.46
Austria,2006,2.36
Azerbaijan,2006,0.07
The Bahamas,2006,28.09
Bangladesh,2006,1.08
Belarus,2006,0.69
Belgium,2006,9.55
Belize,2006,7.55
Benin,2006,0.32
Bhutan,2006,0.03
Bolivia,2006,1.88
Bosnia and Herzegovina,2006,1.92
Botswana,2006,2.01
Brazil,2006,3.96
Bulgaria,2006,0.63
Burkina Faso,2006,0.3
Burundi,2006,0.14
Cambodia,2006,0.14
Cameroon,2006,0.38
Canada,2006,0.93
Central African Republic,2006,0.01
Chad,2006,0.01
Chile,2006,3.64
China,2006,2.23
Taiwan,2006,10.86
Colombia,2006,29.18
Republic of the Congo,2006,0.82
Costa Rica,2006,24.57
Ivory Coast,2006,0.01
Croatia,2006,2.31
Cuba,2006,0.91
Cyprus,2006,5.52
Czech Republic,2006,2.13
Democratic Republic of the Congo,2006,0.15
Denmark,2006,1.37
Djibouti,2006,9.38
Dominican Republic,2006,3.37
Ecuador,2006,3.25
Egypt,2006,2.77
El Salvador,2006,2.7
Equatorial Guinea,2006,1.28
Eritrea,2006,0.04
Estonia,2006,0.8
Swaziland,2006,4.44
Ethiopia,2006,0.18
Fiji,2006,2.56
Finland,2006,2.32
France,2006,3.68
Gabon,2006,1.2
Gambia,2006,2.67
Georgia,2006,5.33
Germany,2006,3.19
Ghana,2006,0.13
Greece,2006,2.02
Guatemala,2006,6.77
Guinea,2006,0.11
Guinea Bissau,2006,0.15
Haiti,2006,0.37
Honduras,2006,2.94
Hungary,2006,2.4
Iceland,2006,0.04
India,2006,0.22
Indonesia,2006,5.03
Iran,2006,0.45
Iraq,2006,0.17
Ireland,2006,5.89
Israel,2006,17.07
Italy,2006,7.49
Jamaica,2006,5.23
Japan,2006,13.97
Jordan,2006,4.14
Kazakhstan,2006,0.14
Kenya,2006,0.38
Kyrgyzstan,2006,0.59
Laos,2006,0.0
Latvia,2006,0.61
Lebanon,2006,6.51
Lesotho,2006,0.07
Liberia,2006,0.48
Libya,2006,1.21
Lithuania,2006,0.63
Luxembourg,2006,2.49
Madagascar,2006,0.03
Malawi,2006,0.06
Malaysia,2006,5.8
Mali,2006,0.0
Mauritania,2006,0.07
Mexico,2006,1.48
Mongolia,2006,0.1
Montenegro,2006,0.0
Morocco,2006,1.53
Mozambique,2006,0.06
Myanmar,2006,0.34
Namibia,2006,0.49
Nepal,2006,0.05
Netherlands,2006,9.49
New Caledonia,2006,22.18
New Zealand,2006,9.93
Nicaragua,2006,3.19
Niger,2006,0.0
Nigeria,2006,0.32
Macedonia,2006,0.69
Norway,2006,0.81
Oman,2006,2.73
Pakistan,2006,0.86
West Bank,2006,6.81
Panama,2006,3.73
Papua New Guinea,2006,0.39
Paraguay,2006,4.56
Peru,2006,0.82
Philippines,2006,1.87
Poland,2006,1.34
Portugal,2006,7.92
Qatar,2006,35.12
South Korea,2006,13.38
Moldova,2006,1.16
Romania,2006,0.72
Russia,2006,0.31
Rwanda,2006,0.2
Saudi Arabia,2006,1.07
Senegal,2006,0.18
Republic of Serbia,2006,0.8
Sierra Leone,2006,0.06
Slovakia,2006,1.13
Slovenia,2006,6.22
Solomon Islands,2006,0.39
Somalia,2006,0.11
South Africa,2006,2.22
Spain,2006,2.26
Sri Lanka,2006,0.88
Suriname,2006,6.74
Sweden,2006,0.84
Switzerland,2006,3.16
Syria,2006,0.26
Tajikistan,2006,0.15
Thailand,2006,1.9
Togo,2006,0.1
Trinidad and Tobago,2006,2.6
Tunisia,2006,0.26
Turkey,2006,1.06
Turkmenistan,2006,0.35
Uganda,2006,0.25
Ukraine,2006,0.86
England,2006,3.68
United Republic of Tanzania,2006,0.0
USA,2006,2.24
Uruguay,2006,6.36
Vanuatu,2006,0.51
Venezuela,2006,1.17
Vietnam,2006,4.4
Yemen,2006,0.78
Zambia,2006,0.97
Zimbabwe,2006,0.76
Albania,2007,0.56
Algeria,2007,0.42
Angola,2007,0.01
Argentina,2007,4.92
Armenia,2007,0.48
Australia,2007,1.38
Austria,2007,2.44
Azerbaijan,2007,0.07
The Bahamas,2007,27.57
Bangladesh,2007,1.26
Belarus,2007,0.75
Belgium,2007,7.81
Belize,2007,6.61
Benin,2007,0.57
Bhutan,2007,0.05
Bolivia,2007,1.97
Bosnia and Herzegovina,2007,1.98
Botswana,2007,2.36
Brazil,2007,5.02
Bulgaria,2007,0.6
Burkina Faso,2007,0.29
Burundi,2007,0.31
Cambodia,2007,0.19
Cameroon,2007,0.39
Canada,2007,1.16
Central African Republic,2007,0.02
Chad,2007,0.01
Chile,2007,3.8
China,2007,2.34
Taiwan,2007,11.49
Colombia,2007,23.09
Republic of the Congo,2007,0.77
Costa Rica,2007,25.49
Ivory Coast,2007,0.01
Croatia,2007,2.23
Cuba,2007,0.89
Cyprus,2007,3.68
Czech Republic,2007,2.32
Democratic Republic of the Congo,2007,0.15
Denmark,2007,1.44
Djibouti,2007,8.48
Dominican Republic,2007,4.66
Ecuador,2007,5.86
Egypt,2007,2.57
El Salvador,2007,2.24
Equatorial Guinea,2007,1.56
Eritrea,2007,0.04
Estonia,2007,0.76
Swaziland,2007,2.29
Ethiopia,2007,0.17
Fiji,2007,2.8
Finland,2007,1.8
France,2007,3.99
Gabon,2007,1.13
Gambia,2007,2.17
Georgia,2007,5.34
Germany,2007,3.37
Ghana,2007,0.02
Greece,2007,1.98
Guatemala,2007,9.13
Guinea,2007,0.11
Guinea Bissau,2007,0.15
Haiti,2007,0.4
Honduras,2007,3.62
Hungary,2007,2.33
Iceland,2007,0.04
India,2007,0.16
Indonesia,2007,5.85
Iran,2007,0.32
Iraq,2007,0.21
Ireland,2007,6.58
Israel,2007,17.97
Italy,2007,8.29
Jamaica,2007,5.48
Japan,2007,13.15
Jordan,2007,6.11
Kazakhstan,2007,0.19
Kenya,2007,0.33
Kyrgyzstan,2007,0.76
Laos,2007,0.0
Latvia,2007,0.93
Lebanon,2007,6.55
Lesotho,2007,0.07
Liberia,2007,0.62
Libya,2007,0.95
Lithuania,2007,1.46
Luxembourg,2007,2.45
Madagascar,2007,0.03
Malawi,2007,0.15
Malaysia,2007,6.87
Mali,2007,0.0
Mauritania,2007,0.09
Mexico,2007,1.95
Mongolia,2007,0.1
Montenegro,2007,0.0
Morocco,2007,1.53
Mozambique,2007,0.06
Myanmar,2007,0.29
Namibia,2007,0.59
Nepal,2007,0.14
Netherlands,2007,11.04
New Caledonia,2007,22.63
New Zealand,2007,10.28
Nicaragua,2007,4.72
Niger,2007,0.0
Nigeria,2007,0.23
Macedonia,2007,0.25
Norway,2007,0.84
Oman,2007,2.97
Pakistan,2007,0.86
West Bank,2007,6.65
Panama,2007,3.13
Papua New Guinea,2007,0.38
Paraguay,2007,4.82
Peru,2007,0.56
Philippines,2007,1.89
Poland,2007,1.53
Portugal,2007,8.88
Qatar,2007,35.38
South Korea,2007,13.62
Moldova,2007,1.2
Romania,2007,0.69
Russia,2007,0.32
Rwanda,2007,0.28
Saudi Arabia,2007,1.12
Senegal,2007,0.19
Republic of Serbia,2007,0.86
Sierra Leone,2007,0.08
Slovakia,2007,1.14
Slovenia,2007,5.75
Solomon Islands,2007,0.46
Somalia,2007,0.11
South Africa,2007,2.27
Spain,2007,2.26
Sri Lanka,2007,0.74
Suriname,2007,7.65
Sweden,2007,0.82
Switzerland,2007,4.89
Syria,2007,0.23
Tajikistan,2007,0.15
Thailand,2007,3.07
Togo,2007,0.1
Trinidad and Tobago,2007,2.3
Tunisia,2007,0.28
Turkey,2007,1.96
Turkmenistan,2007,0.38
Uganda,2007,0.25
Ukraine,2007,1.07
England,2007,3.64
United Republic of Tanzania,2007,0.0
USA,2007,2.43
Uruguay,2007,9.29
Vanuatu,2007,0.55
Venezuela,2007,1.17
Vietnam,2007,4.93
Yemen,2007,0.6
Zambia,2007,1.03
Zimbabwe,2007,0.79
Albania,2008,0.57
Algeria,2008,0.68
Angola,2008,0.01
Argentina,2008,5.55
Armenia,2008,0.43
Australia,2008,1.76
Austria,2008,2.96
Azerbaijan,2008,0.13
The Bahamas,2008,27.05
Bangladesh,2008,1.43
Belarus,2008,0.69
Belgium,2008,7.53
Belize,2008,9.65
Benin,2008,0.64
Bhutan,2008,0.05
Bolivia,2008,2.01
Bosnia and Herzegovina,2008,2.0
Botswana,2008,1.53
Brazil,2008,5.14
Bulgaria,2008,0.56
Burkina Faso,2008,0.24
Burundi,2008,0.34
Cambodia,2008,0.2
Cameroon,2008,0.36
Canada,2008,1.39
Central African Republic,2008,0.02
Chad,2008,0.01
Chile,2008,3.64
China,2008,2.39
Taiwan,2008,10.68
Colombia,2008,14.02
Republic of the Congo,2008,0.84
Costa Rica,2008,26.63
Ivory Coast,2008,0.01
Croatia,2008,2.59
Cuba,2008,0.92
Cyprus,2008,4.18
Czech Republic,2008,2.06
Democratic Republic of the Congo,2008,0.15
Denmark,2008,1.72
Djibouti,2008,9.75
Dominican Republic,2008,4.51
Ecuador,2008,6.16
Egypt,2008,2.69
El Salvador,2008,4.49
Equatorial Guinea,2008,1.63
Eritrea,2008,0.04
Estonia,2008,0.91
Swaziland,2008,1.04
Ethiopia,2008,0.16
Fiji,2008,3.04
Finland,2008,1.68
France,2008,4.07
Gabon,2008,1.05
Gambia,2008,1.03
Georgia,2008,5.37
Germany,2008,3.58
Ghana,2008,0.06
Greece,2008,1.39
Guatemala,2008,7.17
Guinea,2008,0.11
Guinea Bissau,2008,0.15
Haiti,2008,0.58
Honduras,2008,3.59
Hungary,2008,2.53
Iceland,2008,0.05
India,2008,0.09
Indonesia,2008,6.77
Iran,2008,0.18
Iraq,2008,0.23
Ireland,2008,5.71
Israel,2008,19.45
Italy,2008,7.93
Jamaica,2008,5.85
Japan,2008,12.69
Jordan,2008,5.49
Kazakhstan,2008,0.25
Kenya,2008,0.37
Kyrgyzstan,2008,0.49
Laos,2008,0.0
Latvia,2008,0.88
Lebanon,2008,6.9
Lesotho,2008,0.05
Liberia,2008,0.67
Libya,2008,1.0
Lithuania,2008,1.44
Luxembourg,2008,2.41
Madagascar,2008,0.03
Malawi,2008,0.17
Malaysia,2008,7.99
Mali,2008,0.0
Mauritania,2008,0.1
Mexico,2008,1.93
Mongolia,2008,0.1
Montenegro,2008,0.0
Morocco,2008,1.53
Mozambique,2008,0.06
Myanmar,2008,0.18
Namibia,2008,0.71
Nepal,2008,0.15
Netherlands,2008,9.78
New Caledonia,2008,22.8
New Zealand,2008,11.6
Nicaragua,2008,5.07
Niger,2008,0.0
Nigeria,2008,0.27
Macedonia,2008,0.18
Norway,2008,0.94
Oman,2008,3.19
Pakistan,2008,0.88
West Bank,2008,7.02
Panama,2008,3.0
Papua New Guinea,2008,0.38
Paraguay,2008,4.89
Peru,2008,0.96
Philippines,2008,1.91
Poland,2008,1.66
Portugal,2008,8.79
Qatar,2008,35.62
South Korea,2008,14.42
Moldova,2008,1.38
Romania,2008,0.78
Russia,2008,0.34
Rwanda,2008,0.22
Saudi Arabia,2008,1.17
Senegal,2008,0.16
Republic of Serbia,2008,0.8
Sierra Leone,2008,0.09
Slovakia,2008,1.07
Slovenia,2008,5.22
Solomon Islands,2008,0.4
Somalia,2008,0.12
South Africa,2008,2.51
Spain,2008,2.36
Sri Lanka,2008,0.53
Suriname,2008,9.64
Sweden,2008,0.9
Switzerland,2008,5.22
Syria,2008,0.21
Tajikistan,2008,0.15
Thailand,2008,3.0
Togo,2008,0.09
Trinidad and Tobago,2008,1.98
Tunisia,2008,0.35
Turkey,2008,1.54
Turkmenistan,2008,0.38
Uganda,2008,0.26
Ukraine,2008,1.59
England,2008,3.57
United Republic of Tanzania,2008,0.0
USA,2008,2.31
Uruguay,2008,7.15
Vanuatu,2008,0.59
Venezuela,2008,1.16
Vietnam,2008,5.36
Yemen,2008,0.48
Zambia,2008,1.04
Zimbabwe,2008,0.75
Albania,2009,0.59
Algeria,2009,0.38
Angola,2009,0.01
Argentina,2009,3.95
Armenia,2009,0.39
Australia,2009,1.38
Austria,2009,2.46
Azerbaijan,2009,0.15
The Bahamas,2009,10.82
Bangladesh,2009,1.59
Belarus,2009,0.68
Belgium,2009,6.38
Belize,2009,7.51
Benin,2009,0.71
Bhutan,2009,0.05
Bolivia,2009,2.26
Bosnia and Herzegovina,2009,1.93
Botswana,2009,1.19
Brazil,2009,5.5
Bulgaria,2009,0.52
Burkina Faso,2009,0.18
Burundi,2009,0.13
Cambodia,2009,0.25
Cameroon,2009,0.32
Canada,2009,1.43
Central African Republic,2009,0.03
Chad,2009,0.01
Chile,2009,3.82
China,2009,2.43
Taiwan,2009,10.54
Colombia,2009,15.34
Republic of the Congo,2009,0.85
Costa Rica,2009,23.22
Ivory Coast,2009,0.01
Croatia,2009,2.23
Cuba,2009,0.95
Cyprus,2009,5.91
Czech Republic,2009,1.82
Democratic Republic of the Congo,2009,0.13
Denmark,2009,1.16
Djibouti,2009,9.23
Dominican Republic,2009,4.98
Ecuador,2009,3.79
Egypt,2009,2.44
El Salvador,2009,3.83
Equatorial Guinea,2009,1.7
Eritrea,2009,0.04
Estonia,2009,0.67
Swaziland,2009,0.96
Ethiopia,2009,0.25
Fiji,2009,3.8
Finland,2009,2.12
France,2009,3.3
Gabon,2009,1.44
Gambia,2009,0.66
Georgia,2009,5.52
Germany,2009,3.24
Ghana,2009,0.06
Greece,2009,0.92
Guatemala,2009,5.33
Guinea,2009,0.12
Guinea Bissau,2009,0.15
Haiti,2009,0.55
Honduras,2009,3.03
Hungary,2009,2.33
Iceland,2009,0.04
India,2009,0.17
Indonesia,2009,6.7
Iran,2009,0.24
Iraq,2009,0.22
Ireland,2009,4.87
Israel,2009,17.38
Italy,2009,7.76
Jamaica,2009,5.77
Japan,2009,13.23
Jordan,2009,3.85
Kazakhstan,2009,0.3
Kenya,2009,0.36
Kyrgyzstan,2009,0.2
Laos,2009,0.02
Latvia,2009,0.75
Lebanon,2009,6.9
Lesotho,2009,0.04
Liberia,2009,0.65
Libya,2009,1.09
Lithuania,2009,1.32
Luxembourg,2009,2.44
Madagascar,2009,0.04
Malawi,2009,0.2
Malaysia,2009,7.57
Mali,2009,0.0
Mauritania,2009,0.1
Mexico,2009,1.95
Mongolia,2009,0.09
Montenegro,2009,0.0
Morocco,2009,1.52
Mozambique,2009,0.06
Myanmar,2009,0.09
Namibia,2009,0.74
Nepal,2009,0.09
Netherlands,2009,9.04
New Caledonia,2009,22.66
New Zealand,2009,9.75
Nicaragua,2009,4.87
Niger,2009,0.0
Nigeria,2009,0.42
Macedonia,2009,0.22
Norway,2009,0.64
Oman,2009,3.17
Pakistan,2009,0.88
West Bank,2009,8.83
Panama,2009,2.84
Papua New Guinea,2009,0.39
Paraguay,2009,5.29
Peru,2009,0.9
Philippines,2009,1.88
Poland,2009,1.49
Portugal,2009,7.32
Qatar,2009,35.85
South Korea,2009,13.12
Moldova,2009,1.09
Romania,2009,0.71
Russia,2009,0.35
Rwanda,2009,0.81
Saudi Arabia,2009,1.23
Senegal,2009,0.18
Republic of Serbia,2009,0.69
Sierra Leone,2009,0.09
Slovakia,2009,1.18
Slovenia,2009,4.95
Solomon Islands,2009,0.48
Somalia,2009,0.11
South Africa,2009,2.5
Spain,2009,2.04
Sri Lanka,2009,0.54
Suriname,2009,9.77
Sweden,2009,0.74
Switzerland,2009,5.18
Syria,2009,0.25
Tajikistan,2009,0.14
Thailand,2009,3.1
Togo,2009,0.06
Trinidad and Tobago,2009,1.7
Tunisia,2009,0.3
Turkey,2009,1.55
Turkmenistan,2009,0.39
Uganda,2009,0.28
Ukraine,2009,1.07
England,2009,3.5
United Republic of Tanzania,2009,0.0
USA,2009,2.18
Uruguay,2009,6.04
Vanuatu,2009,0.49
Venezuela,2009,1.19
Vietnam,2009,5.75
Yemen,2009,0.41
Zambia,2009,0.93
Zimbabwe,2009,0.79
Albania,2010,0.85
Algeria,2010,0.22
Angola,2010,0.01
Argentina,2010,6.04
Armenia,2010,0.55
Australia,2010,1.62
Austria,2010,2.58
Azerbaijan,2010,0.16
The Bahamas,2010,8.7
Bangladesh,2010,1.53
Belarus,2010,0.6
Belgium,2010,5.43
Belize,2010,6.55
Benin,2010,0.71
Bhutan,2010,0.06
Bolivia,2010,2.78
Bosnia and Herzegovina,2010,1.93
Botswana,2010,1.5
Brazil,2010,5.85
Bulgaria,2010,0.47
Burkina Faso,2010,0.16
Burundi,2010,0.2
Cambodia,2010,0.31
Cameroon,2010,0.45
Canada,2010,1.61
Central African Republic,2010,0.03
Chad,2010,0.01
Chile,2010,3.78
China,2010,2.51
Taiwan,2010,9.66
Colombia,2010,14.5
Republic of the Congo,2010,1.04
Costa Rica,2010,26.37
Ivory Coast,2010,0.01
Croatia,2010,1.62
Cuba,2010,0.98
Cyprus,2010,5.62
Czech Republic,2010,1.92
Democratic Republic of the Congo,2010,0.11
Denmark,2010,1.61
Djibouti,2010,8.01
Dominican Republic,2010,5.26
Ecuador,2010,12.27
Egypt,2010,3.16
El Salvador,2010,4.13
Equatorial Guinea,2010,1.8
Eritrea,2010,0.04
Estonia,2010,0.79
Swaziland,2010,2.51
Ethiopia,2010,0.26
Fiji,2010,4.12
Finland,2010,1.69
France,2010,3.21
Gabon,2010,1.65
Gambia,2010,0.57
Georgia,2010,5.93
Germany,2010,3.39
Ghana,2010,0.21
Greece,2010,1.51
Guatemala,2010,6.03
Guinea,2010,0.13
Guinea Bissau,2010,0.15
Haiti,2010,0.69
Honduras,2010,3.83
Hungary,2010,2.25
Iceland,2010,0.02
India,2010,0.24
Indonesia,2010,8.05
Iran,2010,0.26
Iraq,2010,0.18
Ireland,2010,5.74
Israel,2010,18.21
Italy,2010,7.44
Jamaica,2010,5.38
Japan,2010,12.1
Jordan,2010,3.58
Kazakhstan,2010,0.22
Kenya,2010,0.45
Kyrgyzstan,2010,0.26
Laos,2010,0.0
Latvia,2010,0.87
Lebanon,2010,7.57
Lesotho,2010,0.02
Liberia,2010,0.75
Libya,2010,1.13
Lithuania,2010,0.84
Luxembourg,2010,2.43
Madagascar,2010,0.07
Malawi,2010,0.16
Malaysia,2010,8.47
Mali,2010,0.0
Mauritania,2010,0.13
Mexico,2010,2.04
Mongolia,2010,0.09
Montenegro,2010,0.35
Morocco,2010,1.52
Mozambique,2010,0.07
Myanmar,2010,0.27
Namibia,2010,0.81
Nepal,2010,0.14
Netherlands,2010,9.05
New Caledonia,2010,23.08
New Zealand,2010,9.27
Nicaragua,2010,6.62
Niger,2010,0.0
Nigeria,2010,0.63
Macedonia,2010,0.22
Norway,2010,0.84
Oman,2010,3.52
Pakistan,2010,0.88
West Bank,2010,13.77
Panama,2010,2.57
Papua New Guinea,2010,0.41
Paraguay,2010,5.49
Peru,2010,1.19
Philippines,2010,2.01
Poland,2010,1.73
Portugal,2010,7.4
Qatar,2010,36.07
South Korea,2010,11.91
Moldova,2010,1.17
Romania,2010,0.75
Russia,2010,0.36
Rwanda,2010,0.64
Saudi Arabia,2010,1.29
Senegal,2010,0.19
Republic of Serbia,2010,0.68
Sierra Leone,2010,0.09
Slovakia,2010,1.33
Slovenia,2010,4.8
Solomon Islands,2010,0.54
Somalia,2010,0.11
South Africa,2010,2.59
Spain,2010,2.27
Sri Lanka,2010,0.67
Suriname,2010,7.83
Sweden,2010,0.76
Switzerland,2010,5.02
Syria,2010,0.28
Tajikistan,2010,0.14
Thailand,2010,3.13
Togo,2010,0.09
Trinidad and Tobago,2010,2.67
Tunisia,2010,0.42
Turkey,2010,1.58
Turkmenistan,2010,0.39
Uganda,2010,0.33
Ukraine,2010,1.85
England,2010,2.79
United Republic of Tanzania,2010,0.0
USA,2010,2.28
Uruguay,2010,7.19
Vanuatu,2010,0.33
Venezuela,2010,1.19
Vietnam,2010,5.64
Yemen,2010,0.44
Zambia,2010,1.01
Zimbabwe,2010,0.82
Albania,2011,0.84
Algeria,2011,0.9
Angola,2011,0.01
Argentina,2011,5.57
Armenia,2011,0.64
Australia,2011,1.48
Austria,2011,2.42
Azerbaijan,2011,0.22
The Bahamas,2011,13.12
Bangladesh,2011,1.74
Belarus,2011,0.54
Belgium,2011,7.44
Belize,2011,7.73
Benin,2011,0.68
Bhutan,2011,0.08
Bolivia,2011,2.88
Bosnia and Herzegovina,2011,2.06
Botswana,2011,1.3
Brazil,2011,6.6
Bulgaria,2011,0.43
Burkina Faso,2011,0.16
Burundi,2011,0.06
Cambodia,2011,0.43
Cameroon,2011,0.51
Canada,2011,1.66
Central African Republic,2011,0.03
Chad,2011,0.01
Chile,2011,3.7
China,2011,2.57
Taiwan,2011,10.22
Colombia,2011,15.78
Republic of the Congo,2011,1.09
Costa Rica,2011,23.42
Ivory Coast,2011,0.01
Croatia,2011,1.72
Cuba,2011,1.01
Cyprus,2011,11.63
Czech Republic,2011,2.07
Democratic Republic of the Congo,2011,0.1
Denmark,2011,1.82
Djibouti,2011,6.58
Dominican Republic,2011,5.32
Ecuador,2011,6.91
Egypt,2011,3.58
El Salvador,2011,3.7
Equatorial Guinea,2011,2.04
Eritrea,2011,0.04
Estonia,2011,0.72
Swaziland,2011,3.04
Ethiopia,2011,0.25
Fiji,2011,3.99
Finland,2011,1.79
France,2011,3.18
Gabon,2011,1.82
Gambia,2011,0.57
Georgia,2011,6.13
Germany,2011,3.68
Ghana,2011,0.36
Greece,2011,2.21
Guatemala,2011,6.39
Guinea,2011,0.15
Guinea Bissau,2011,0.15
Haiti,2011,0.58
Honduras,2011,4.05
Hungary,2011,1.85
Iceland,2011,0.03
India,2011,0.24
Indonesia,2011,5.16
Iran,2011,0.28
Iraq,2011,0.14
Ireland,2011,8.07
Israel,2011,16.24
Italy,2011,7.65
Jamaica,2011,5.79
Japan,2011,11.36
Jordan,2011,4.27
Kazakhstan,2011,0.36
Kenya,2011,0.47
Kyrgyzstan,2011,0.23
Laos,2011,0.03
Latvia,2011,0.92
Lebanon,2011,7.24
Lesotho,2011,0.05
Liberia,2011,0.82
Libya,2011,0.95
Lithuania,2011,0.93
Luxembourg,2011,2.42
Madagascar,2011,0.09
Malawi,2011,0.15
Malaysia,2011,5.74
Mali,2011,0.0
Mauritania,2011,0.17
Mexico,2011,2.1
Mongolia,2011,0.09
Montenegro,2011,0.4
Morocco,2011,1.5
Mozambique,2011,0.07
Myanmar,2011,0.38
Namibia,2011,0.71
Nepal,2011,0.15
Netherlands,2011,11.86
New Caledonia,2011,23.25
New Zealand,2011,9.75
Nicaragua,2011,2.74
Niger,2011,0.0
Nigeria,2011,0.73
Macedonia,2011,0.22
Norway,2011,1.0
Oman,2011,3.85
Pakistan,2011,0.86
West Bank,2011,12.23
Panama,2011,2.46
Papua New Guinea,2011,0.54
Paraguay,2011,5.7
Peru,2011,1.15
Philippines,2011,1.97
Poland,2011,1.9
Portugal,2011,7.88
Qatar,2011,36.28
South Korea,2011,11.27
Moldova,2011,1.16
Romania,2011,0.7
Russia,2011,0.37
Rwanda,2011,0.12
Saudi Arabia,2011,1.34
Senegal,2011,0.22
Republic of Serbia,2011,0.91
Sierra Leone,2011,0.1
Slovakia,2011,1.0
Slovenia,2011,4.74
Solomon Islands,2011,0.65
Somalia,2011,0.17
South Africa,2011,2.68
Spain,2011,3.15
Sri Lanka,2011,0.56
Suriname,2011,14.86
Sweden,2011,0.68
Switzerland,2011,5.35
Syria,2011,0.33
Tajikistan,2011,0.14
Thailand,2011,3.96
Togo,2011,0.05
Trinidad and Tobago,2011,3.66
Tunisia,2011,0.41
Turkey,2011,1.67
Turkmenistan,2011,0.4
Uganda,2011,0.4
Ukraine,2011,2.36
England,2011,2.69
United Republic of Tanzania,2011,0.0
USA,2011,2.38
Uruguay,2011,7.3
Vanuatu,2011,0.16
Venezuela,2011,1.19
Vietnam,2011,6.75
Yemen,2011,0.56
Zambia,2011,0.99
Zimbabwe,2011,0.79
Albania,2012,0.52
Algeria,2012,1.07
Angola,2012,0.01
Argentina,2012,5.32
Armenia,2012,0.72
Australia,2012,1.52
Austria,2012,2.51
Azerbaijan,2012,0.24
The Bahamas,2012,14.41
Bangladesh,2012,1.56
Belarus,2012,0.43
Belgium,2012,7.98
Belize,2012,5.8
Benin,2012,0.53
Bhutan,2012,0.07
Bolivia,2012,2.91
Bosnia and Herzegovina,2012,2.05
Botswana,2012,1.59
Brazil,2012,7.35
Bulgaria,2012,0.38
Burkina Faso,2012,0.18
Burundi,2012,0.07
Cambodia,2012,0.6
Cameroon,2012,0.52
Canada,2012,1.95
Central African Republic,2012,0.02
Chad,2012,0.01
Chile,2012,3.92
China,2012,2.62
Taiwan,2012,11.7
Colombia,2012,14.11
Republic of the Congo,2012,1.28
Costa Rica,2012,22.99
Ivory Coast,2012,0.0
Croatia,2012,1.79
Cuba,2012,1.07
Cyprus,2012,11.08
Czech Republic,2012,2.09
Democratic Republic of the Congo,2012,0.09
Denmark,2012,2.46
Djibouti,2012,6.58
Dominican Republic,2012,5.59
Ecuador,2012,4.53
Egypt,2012,3.79
El Salvador,2012,2.97
Equatorial Guinea,2012,1.85
Eritrea,2012,0.04
Estonia,2012,0.88
Swaziland,2012,3.01
Ethiopia,2012,0.25
Fiji,2012,4.47
Finland,2012,1.9
France,2012,3.31
Gabon,2012,1.62
Gambia,2012,0.82
Georgia,2012,6.22
Germany,2012,3.84
Ghana,2012,0.51
Greece,2012,2.18
Guatemala,2012,7.73
Guinea,2012,0.16
Guinea Bissau,2012,0.15
Haiti,2012,0.56
Honduras,2012,4.62
Hungary,2012,1.78
Iceland,2012,0.03
India,2012,0.24
Indonesia,2012,6.38
Iran,2012,0.42
Iraq,2012,0.12
Ireland,2012,5.79
Israel,2012,15.56
Italy,2012,6.47
Jamaica,2012,6.7
Japan,2012,12.03
Jordan,2012,2.34
Kazakhstan,2012,0.29
Kenya,2012,0.57
Kyrgyzstan,2012,0.27
Laos,2012,0.03
Latvia,2012,1.08
Lebanon,2012,7.04
Lesotho,2012,0.05
Liberia,2012,0.93
Libya,2012,0.84
Lithuania,2012,1.12
Luxembourg,2012,3.17
Madagascar,2012,0.1
Malawi,2012,0.21
Malaysia,2012,6.6
Mali,2012,0.0
Mauritania,2012,0.35
Mexico,2012,1.95
Mongolia,2012,0.47
Montenegro,2012,0.38
Morocco,2012,1.46
Mozambique,2012,0.08
Myanmar,2012,0.25
Namibia,2012,0.76
Nepal,2012,0.18
Netherlands,2012,12.19
New Caledonia,2012,25.67
New Zealand,2012,9.11
Nicaragua,2012,2.45
Niger,2012,0.0
Nigeria,2012,0.8
Macedonia,2012,0.22
Norway,2012,1.0
Oman,2012,4.66
Pakistan,2012,0.86
West Bank,2012,10.9
Panama,2012,1.84
Papua New Guinea,2012,0.68
Paraguay,2012,5.89
Peru,2012,1.39
Philippines,2012,1.98
Poland,2012,1.93
Portugal,2012,6.93
Qatar,2012,36.47
South Korea,2012,10.08
Moldova,2012,1.1
Romania,2012,0.69
Russia,2012,0.38
Rwanda,2012,0.6
Saudi Arabia,2012,1.4
Senegal,2012,0.23
Republic of Serbia,2012,1.23
Sierra Leone,2012,0.12
Slovakia,2012,1.11
Slovenia,2012,4.31
Solomon Islands,2012,0.69
Somalia,2012,0.24
South Africa,2012,2.77
Spain,2012,3.62
Sri Lanka,2012,0.48
Sudan,2012,0.12
Suriname,2012,11.12
Sweden,2012,0.7
Switzerland,2012,5.22
Syria,2012,0.33
Tajikistan,2012,0.14
Thailand,2012,3.17
Togo,2012,0.12
Trinidad and Tobago,2012,10.97
Tunisia,2012,0.6
Turkey,2012,1.79
Turkmenistan,2012,0.39
Uganda,2012,0.48
Ukraine,2012,2.7
England,2012,2.83
United Republic of Tanzania,2012,0.0
USA,2012,2.59
Uruguay,2012,10.67
Vanuatu,2012,0.11
Venezuela,2012,1.19
Vietnam,2012,7.57
Yemen,2012,0.64
Zambia,2012,0.97
Zimbabwe,2012,0.83
Albania,2013,0.65
Algeria,2013,0.98
Angola,2013,0.01
Argentina,2013,5.25
Armenia,2013,0.8
Australia,2013,1.43
Austria,2013,2.18
Azerbaijan,2013,0.23
The Bahamas,2013,10.13
Bangladesh,2013,1.8
Belarus,2013,0.39
Belgium,2013,7.56
Belize,2013,9.42
Benin,2013,0.41
Bhutan,2013,0.05
Bolivia,2013,3.36
Bosnia and Herzegovina,2013,2.03
Botswana,2013,1.71
Brazil,2013,7.57
Bulgaria,2013,0.33
Burkina Faso,2013,0.22
Burundi,2013,0.68
Cambodia,2013,0.81
Cameroon,2013,0.59
Canada,2013,2.15
Central African Republic,2013,0.01
Chad,2013,0.01
Chile,2013,4.14
China,2013,2.63
Taiwan,2013,12.04
Colombia,2013,15.82
Republic of the Congo,2013,1.36
Costa Rica,2013,22.39
Ivory Coast,2013,0.0
Croatia,2013,2.11
Cuba,2013,1.08
Cyprus,2013,10.46
Czech Republic,2013,2.43
Democratic Republic of the Congo,2013,0.08
Denmark,2013,1.73
Djibouti,2013,6.58
Dominican Republic,2013,5.64
Ecuador,2013,2.43
Egypt,2013,3.66
El Salvador,2013,6.86
Equatorial Guinea,2013,1.77
Eritrea,2013,0.04
Estonia,2013,0.89
Swaziland,2013,2.39
Ethiopia,2013,0.25
Fiji,2013,4.02
Finland,2013,1.47
France,2013,3.46
Gabon,2013,1.89
Gambia,2013,0.78
Georgia,2013,5.65
Germany,2013,3.6
Ghana,2013,0.65
Greece,2013,2.91
Guatemala,2013,8.22
Guinea,2013,0.18
Guinea Bissau,2013,0.15
Haiti,2013,0.32
Honduras,2013,4.67
Hungary,2013,1.73
Iceland,2013,0.02
India,2013,0.24
Indonesia,2013,7.79
Iran,2013,0.39
Iraq,2013,0.09
Ireland,2013,6.13
Israel,2013,15.79
Italy,2013,6.1
Jamaica,2013,6.42
Japan,2013,11.63
Jordan,2013,3.21
Kazakhstan,2013,0.3
Kenya,2013,0.63
Kyrgyzstan,2013,0.25
Laos,2013,0.08
Latvia,2013,1.03
Lebanon,2013,6.98
Lesotho,2013,0.09
Liberia,2013,1.03
Libya,2013,0.73
Lithuania,2013,1.15
Luxembourg,2013,2.45
Madagascar,2013,0.14
Malawi,2013,0.41
Malaysia,2013,7.9
Mali,2013,0.0
Mauritania,2013,0.51
Mexico,2013,1.9
Mongolia,2013,0.86
Montenegro,2013,6.56
Morocco,2013,1.43
Mozambique,2013,0.08
Myanmar,2013,0.24
Namibia,2013,0.96
Nepal,2013,0.2
Netherlands,2013,9.94
New Caledonia,2013,25.37
New Zealand,2013,8.55
Nicaragua,2013,3.73
Niger,2013,0.0
Nigeria,2013,0.96
Macedonia,2013,0.22
Norway,2013,0.94
Oman,2013,6.41
Pakistan,2013,0.85
West Bank,2013,9.81
Panama,2013,3.38
Papua New Guinea,2013,0.82
Paraguay,2013,6.09
Peru,2013,1.33
Philippines,2013,2.04
Poland,2013,1.98
Portugal,2013,5.37
Qatar,2013,36.66
South Korea,2013,10.93
Moldova,2013,1.14
Romania,2013,1.15
Russia,2013,0.39
Rwanda,2013,1.17
Saudi Arabia,2013,1.46
Senegal,2013,0.21
Republic of Serbia,2013,1.31
Sierra Leone,2013,0.12
Slovakia,2013,1.17
Slovenia,2013,3.87
Solomon Islands,2013,0.69
Somalia,2013,0.29
South Africa,2013,2.93
Spain,2013,4.17
Sri Lanka,2013,0.54
Sudan,2013,0.13
Suriname,2013,8.14
Sweden,2013,0.84
Switzerland,2013,5.33
Syria,2013,0.33
Tajikistan,2013,0.14
Thailand,2013,0.37
Togo,2013,0.13
Trinidad and Tobago,2013,18.28
Tunisia,2013,0.48
Turkey,2013,1.66
Turkmenistan,2013,0.38
Uganda,2013,0.54
Ukraine,2013,2.55
England,2013,2.8
United Republic of Tanzania,2013,0.0
USA,2013,2.65
Uruguay,2013,8.11
Vanuatu,2013,0.11
Venezuela,2013,1.19
Vietnam,2013,8.17
Yemen,2013,1.0
Zambia,2013,1.03
Zimbabwe,2013,0.68
Albania,2014,0.66
Algeria,2014,0.85
Angola,2014,0.01
Argentina,2014,5.2
Armenia,2014,0.88
Australia,2014,1.54
Austria,2014,2.38
Azerbaijan,2014,0.25
The Bahamas,2014,10.77
Bangladesh,2014,1.87
Belarus,2014,0.33
Belgium,2014,8.55
Belize,2014,8.0
Benin,2014,0.42
Bhutan,2014,0.03
Bolivia,2014,3.15
Bosnia and Herzegovina,2014,2.05
Botswana,2014,1.16
Brazil,2014,7.72
Bulgaria,2014,0.28
Burkina Faso,2014,0.24
Burundi,2014,0.05
Cambodia,2014,1.06
Cameroon,2014,0.71
Canada,2014,2.0
Central African Republic,2014,0.01
Chad,2014,0.01
Chile,2014,4.28
China,2014,2.64
Taiwan,2014,10.78
Colombia,2014,20.74
Republic of the Congo,2014,1.27
Costa Rica,2014,21.97
Ivory Coast,2014,0.0
Croatia,2014,2.38
Cuba,2014,1.12
Cyprus,2014,10.22
Czech Republic,2014,2.23
Democratic Republic of the Congo,2014,0.08
Denmark,2014,0.74
Djibouti,2014,6.58
Dominican Republic,2014,5.7
Ecuador,2014,14.07
Egypt,2014,3.06
El Salvador,2014,6.43
Equatorial Guinea,2014,1.57
Eritrea,2014,0.04
Estonia,2014,0.91
Swaziland,2014,2.69
Ethiopia,2014,0.24
Fiji,2014,5.32
Finland,2014,1.57
France,2014,3.87
Gabon,2014,1.91
Gambia,2014,0.8
Georgia,2014,6.49
Germany,2014,3.82
Ghana,2014,0.79
Greece,2014,1.17
Guatemala,2014,4.62
Guinea,2014,0.13
Guinea Bissau,2014,0.15
Haiti,2014,0.25
Honduras,2014,4.88
Hungary,2014,2.0
Iceland,2014,0.03
India,2014,0.24
Indonesia,2014,6.22
Iran,2014,0.4
Iraq,2014,0.08
Ireland,2014,7.19
Israel,2014,15.93
Italy,2014,6.49
Jamaica,2014,6.03
Japan,2014,11.85
Jordan,2014,2.23
Kazakhstan,2014,0.38
Kenya,2014,0.66
Kyrgyzstan,2014,0.3
Laos,2014,0.0
Latvia,2014,1.17
Lebanon,2014,6.93
Lesotho,2014,0.06
Liberia,2014,1.12
Libya,2014,0.62
Lithuania,2014,1.13
Luxembourg,2014,2.24
Madagascar,2014,0.13
Malawi,2014,0.62
Malaysia,2014,6.13
Mali,2014,0.0
Mauritania,2014,0.63
Mexico,2014,1.73
Mongolia,2014,1.23
Montenegro,2014,6.56
Morocco,2014,1.51
Mozambique,2014,0.08
Myanmar,2014,0.44
Namibia,2014,1.02
Nepal,2014,0.24
Netherlands,2014,9.82
New Caledonia,2014,25.99
New Zealand,2014,8.04
Nicaragua,2014,3.79
Niger,2014,0.0
Nigeria,2014,0.85
Macedonia,2014,0.22
Norway,2014,1.06
Oman,2014,5.96
Pakistan,2014,0.85
West Bank,2014,9.4
Panama,2014,3.4
Papua New Guinea,2014,0.82
Paraguay,2014,4.39
Peru,2014,1.52
Philippines,2014,2.01
Poland,2014,2.08
Portugal,2014,6.98
Qatar,2014,36.84
South Korea,2014,11.7
Moldova,2014,1.27
Romania,2014,1.09
Russia,2014,0.4
Rwanda,2014,1.29
Saudi Arabia,2014,1.73
Senegal,2014,0.18
Republic of Serbia,2014,1.36
Sierra Leone,2014,0.13
Slovakia,2014,1.25
Slovenia,2014,4.26
Solomon Islands,2014,0.6
Somalia,2014,0.33
South Africa,2014,3.09
Spain,2014,4.59
Sri Lanka,2014,0.41
Sudan,2014,0.14
Suriname,2014,8.77
Sweden,2014,0.96
Switzerland,2014,5.25
Syria,2014,0.33
Tajikistan,2014,0.13
Thailand,2014,0.99
Togo,2014,0.29
Trinidad and Tobago,2014,24.96
Tunisia,2014,0.56
Turkey,2014,1.66
Turkmenistan,2014,0.42
Uganda,2014,0.62
Ukraine,2014,2.3
England,2014,2.93
United Republic of Tanzania,2014,0.0
USA,2014,2.6
Uruguay,2014,9.27
Vanuatu,2014,0.11
Venezuela,2014,1.19
Vietnam,2014,9.96
Yemen,2014,1.02
Zambia,2014,1.06
Zimbabwe,2014,0.65
Albania,2015,0.77
Algeria,2015,0.53
Angola,2015,0.01
Argentina,2015,4.93
Armenia,2015,0.97
Australia,2015,1.62
Austria,2015,2.68
Azerbaijan,2015,0.24
The Bahamas,2015,16.19
Bangladesh,2015,1.56
Belarus,2015,0.25
Belgium,2015,7.6
Belize,2015,8.89
Benin,2015,0.43
Bhutan,2015,0.1
Bolivia,2015,3.06
Bosnia and Herzegovina,2015,2.03
Botswana,2015,2.35
Brazil,2015,7.9
Bulgaria,2015,0.42
Burkina Faso,2015,0.27
Burundi,2015,0.05
Cambodia,2015,1.23
Cameroon,2015,0.75
Canada,2015,1.96
Central African Republic,2015,0.01
Chad,2015,0.01
Chile,2015,4.82
China,2015,2.63
Taiwan,2015,11.67
Colombia,2015,9.19
Republic of the Congo,2015,1.11
Costa Rica,2015,21.57
Ivory Coast,2015,0.0
Croatia,2015,2.51
Cuba,2015,1.13
Cyprus,2015,8.47
Czech Republic,2015,2.49
Democratic Republic of the Congo,2015,0.08
Denmark,2015,1.09
Djibouti,2015,6.58
Dominican Republic,2015,4.08
Ecuador,2015,17.47
Egypt,2015,2.12
El Salvador,2015,1.99
Equatorial Guinea,2015,1.09
Eritrea,2015,0.04
Estonia,2015,0.88
Swaziland,2015,3.0
Ethiopia,2015,0.24
Fiji,2015,4.82
Finland,2015,1.79
France,2015,3.42
Gabon,2015,2.22
Gambia,2015,0.75
Georgia,2015,2.83
Germany,2015,3.97
Ghana,2015,1.28
Greece,2015,1.27
Guatemala,2015,3.78
Guinea,2015,0.08
Guinea Bissau,2015,0.15
Haiti,2015,0.25
Honduras,2015,5.21
Hungary,2015,2.11
Iceland,2015,0.04
India,2015,0.24
Indonesia,2015,7.65
Iran,2015,0.41
Iraq,2015,0.04
Ireland,2015,7.72
Israel,2015,16.16
Italy,2015,6.97
Jamaica,2015,5.59
Japan,2015,12.05
Jordan,2015,2.12
Kazakhstan,2015,0.36
Kenya,2015,0.68
Kyrgyzstan,2015,0.38
Laos,2015,0.03
Latvia,2015,1.22
Lebanon,2015,6.85
Lesotho,2015,0.25
Liberia,2015,0.93
Libya,2015,0.51
Lithuania,2015,1.26
Luxembourg,2015,2.14
Madagascar,2015,0.11
Malawi,2015,0.58
Malaysia,2015,7.64
Mali,2015,0.0
Mauritania,2015,0.63
Mexico,2015,1.95
Mongolia,2015,1.59
Montenegro,2015,5.52
Morocco,2015,1.51
Mozambique,2015,0.09
Myanmar,2015,0.62
Namibia,2015,1.15
Nepal,2015,0.26
Netherlands,2015,9.22
New Caledonia,2015,26.06
New Zealand,2015,9.7
Nicaragua,2015,4.36
Niger,2015,0.0
Nigeria,2015,0.74
Macedonia,2015,0.22
Norway,2015,0.78
Oman,2015,4.02
Pakistan,2015,0.86
West Bank,2015,8.79
Panama,2015,3.42
Papua New Guinea,2015,0.82
Paraguay,2015,4.53
Peru,2015,1.51
Philippines,2015,2.11
Poland,2015,2.13
Portugal,2015,5.49
Qatar,2015,37.01
South Korea,2015,11.6
Moldova,2015,1.39
Romania,2015,1.25
Russia,2015,0.42
Rwanda,2015,1.56
Saudi Arabia,2015,1.97
Senegal,2015,0.19
Republic of Serbia,2015,1.17
Sierra Leone,2015,0.2
Slovakia,2015,1.15
Slovenia,2015,4.41
Solomon Islands,2015,0.56
Somalia,2015,0.32
South Africa,2015,3.04
Spain,2015,4.49
Sri Lanka,2015,1.1
Sudan,2015,0.15
Suriname,2015,13.78
Sweden,2015,0.9
Switzerland,2015,5.22
Syria,2015,0.33
Tajikistan,2015,0.13
Thailand,2015,1.19
Togo,2015,0.4
Trinidad and Tobago,2015,24.96
Tunisia,2015,0.57
Turkey,2015,1.63
Turkmenistan,2015,0.41
Uganda,2015,0.69
Ukraine,2015,1.91
England,2015,3.05
United Republic of Tanzania,2015,0.0
USA,2015,2.66
Uruguay,2015,5.67
Vanuatu,2015,0.11
Venezuela,2015,1.19
Vietnam,2015,8.9
Yemen,2015,0.95
Zambia,2015,1.09
Zimbabwe,2015,0.65
Albania,2016,0.83
Algeria,2016,0.49
Angola,2016,0.01
Argentina,2016,4.87
Armenia,2016,1.05
Australia,2016,2.09
Austria,2016,3.09
Azerbaijan,2016,0.24
The Bahamas,2016,16.19
Bangladesh,2016,1.67
Belarus,2016,0.19
Belgium,2016,7.53
Belize,2016,10.49
Benin,2016,0.48
Bhutan,2016,0.17
Bolivia,2016,3.22
Bosnia and Herzegovina,2016,2.1
Botswana,2016,2.83
Brazil,2016,8.14
Bulgaria,2016,1.03
Burkina Faso,2016,0.35
Burundi,2016,0.03
Cambodia,2016,1.09
Cameroon,2016,0.62
Canada,2016,2.35
Central African Republic,2016,0.02
Chad,2016,0.01
Chile,2016,5.95
China,2016,2.58
Taiwan,2016,11.97
Colombia,2016,8.59
Republic of the Congo,2016,0.8
Costa Rica,2016,20.89
Ivory Coast,2016,0.0
Croatia,2016,1.97
Cuba,2016,1.02
Cyprus,2016,10.57
Czech Republic,2016,2.34
Democratic Republic of the Congo,2016,0.08
Denmark,2016,1.08
Djibouti,2016,6.58
Dominican Republic,2016,4.77
Ecuador,2016,16.25
Egypt,2016,3.09
El Salvador,2016,1.61
Equatorial Guinea,2016,0.86
Eritrea,2016,0.04
Estonia,2016,1.02
Swaziland,2016,3.51
Ethiopia,2016,0.24
Fiji,2016,4.32
Finland,2016,2.04
France,2016,3.73
Gabon,2016,2.23
Gambia,2016,0.89
Georgia,2016,3.26
Germany,2016,3.92
Ghana,2016,1.32
Greece,2016,1.45
Guatemala,2016,4.29
Guinea,2016,0.03
Guinea Bissau,2016,0.15
Haiti,2016,0.29
Honduras,2016,4.83
Hungary,2016,2.17
Iceland,2016,0.03
India,2016,0.24
Indonesia,2016,8.44
Iran,2016,0.41
Iraq,2016,0.03
Ireland,2016,6.74
Israel,2016,15.54
Italy,2016,6.55
Jamaica,2016,7.5
Japan,2016,11.41
Jordan,2016,3.17
Kazakhstan,2016,0.35
Kenya,2016,0.67
Kyrgyzstan,2016,0.39
Laos,2016,0.06
Latvia,2016,1.33
Lebanon,2016,6.7
Lesotho,2016,0.21
Liberia,2016,0.94
Libya,2016,0.41
Lithuania,2016,1.55
Luxembourg,2016,3.21
Madagascar,2016,0.14
Malawi,2016,0.53
Malaysia,2016,8.13
Mali,2016,0.0
Mauritania,2016,0.64
Mexico,2016,1.95
Mongolia,2016,1.97
Montenegro,2016,6.26
Morocco,2016,1.39
Mozambique,2016,0.09
Myanmar,2016,0.97
Namibia,2016,0.99
Nepal,2016,0.29
Netherlands,2016,10.1
New Caledonia,2016,26.11
New Zealand,2016,8.69
Nicaragua,2016,4.27
Niger,2016,0.0
Nigeria,2016,0.63
Macedonia,2016,0.21
Norway,2016,0.84
Oman,2016,4.08
Pakistan,2016,0.84
West Bank,2016,8.56
Panama,2016,3.44
Papua New Guinea,2016,0.83
Paraguay,2016,4.38
Peru,2016,1.68
Philippines,2016,1.96
Poland,2016,2.18
Portugal,2016,5.61
Qatar,2016,37.17
South Korea,2016,12.04
Moldova,2016,1.51
Romania,2016,1.2
Russia,2016,0.58
Rwanda,2016,1.27
Saudi Arabia,2016,2.2
Senegal,2016,0.23
Republic of Serbia,2016,0.99
Sierra Leone,2016,0.21
Slovakia,2016,1.11
Slovenia,2016,4.86
Solomon Islands,2016,0.58
Somalia,2016,0.27
South Africa,2016,2.89
Spain,2016,4.52
Sri Lanka,2016,0.83
Sudan,2016,0.16
Suriname,2016,8.69
Sweden,2016,0.76
Switzerland,2016,5.05
Syria,2016,0.33
Tajikistan,2016,0.15
Thailand,2016,1.39
Togo,2016,0.44
Trinidad and Tobago,2016,24.96
Tunisia,2016,0.64
Turkey,2016,2.11
Turkmenistan,2016,0.39
Uganda,2016,0.69
Ukraine,2016,1.52
England,2016,3.18
United Republic of Tanzania,2016,0.0
USA,2016,2.82
Uruguay,2016,5.88
Vanuatu,2016,0.11
Venezuela,2016,1.19
Vietnam,2016,8.94
Yemen,2016,0.52
Zambia,2016,1.13
Zimbabwe,2016,0.64
Albania,2017,0.88
Algeria,2017,0.72
Angola,2017,0.01
Argentina,2017,4.74
Armenia,2017,1.14
Australia,2017,1.92
Austria,2017,3.31
Azerbaijan,2017,0.23
The Bahamas,2017,16.19
Bangladesh,2017,1.76
Belarus,2017,0.12
Belgium,2017,7.27
Belize,2017,9.98
Benin,2017,0.76
Bhutan,2017,1.52
Bolivia,2017,4.38
Bosnia and Herzegovina,2017,2.06
Botswana,2017,3.61
Brazil,2017,8.11
Bulgaria,2017,0.93
Burkina Faso,2017,0.38
Burundi,2017,0.03
Cambodia,2017,1.24
Cameroon,2017,0.91
Canada,2017,2.54
Central African Republic,2017,0.02
Chad,2017,0.01
Chile,2017,6.69
China,2017,2.48
Taiwan,2017,13.3
Colombia,2017,9.72
Republic of the Congo,2017,0.74
Costa Rica,2017,20.89
Ivory Coast,2017,0.0
Croatia,2017,1.77
Cuba,2017,0.87
Cyprus,2017,9.71
Czech Republic,2017,2.06
Democratic Republic of the Congo,2017,0.07
Denmark,2017,1.13
Djibouti,2017,6.58
Dominican Republic,2017,5.53
Ecuador,2017,15.34
Egypt,2017,2.11
El Salvador,2017,3.56
Equatorial Guinea,2017,0.62
Eritrea,2017,0.04
Estonia,2017,1.02
Swaziland,2017,4.45
Ethiopia,2017,0.24
Fiji,2017,4.34
Finland,2017,1.94
France,2017,3.62
Gabon,2017,2.68
Gambia,2017,0.99
Georgia,2017,3.91
Germany,2017,4.04
Ghana,2017,1.36
Greece,2017,1.4
Guatemala,2017,4.21
Guinea,2017,0.04
Guinea Bissau,2017,0.15
Haiti,2017,0.41
Honduras,2017,5.13
Hungary,2017,2.17
Iceland,2017,0.02
India,2017,0.24
Indonesia,2017,6.35
Iran,2017,0.41
Iraq,2017,0.04
Ireland,2017,6.37
Israel,2017,14.25
Italy,2017,6.12
Jamaica,2017,8.3
Japan,2017,11.76
Jordan,2017,4.87
Kazakhstan,2017,0.46
Kenya,2017,0.78
Kyrgyzstan,2017,0.41
Laos,2017,0.09
Latvia,2017,1.14
Lebanon,2017,6.64
Lesotho,2017,0.2
Liberia,2017,0.98
Libya,2017,0.37
Lithuania,2017,1.43
Luxembourg,2017,2.98
Madagascar,2017,0.18
Malawi,2017,0.49
Malaysia,2017,6.13
Mali,2017,0.0
Mauritania,2017,0.73
Mexico,2017,2.22
Mongolia,2017,2.35
Montenegro,2017,6.76
Morocco,2017,1.36
Mozambique,2017,0.1
Myanmar,2017,1.37
Namibia,2017,1.06
Nepal,2017,0.32
Netherlands,2017,9.81
New Caledonia,2017,26.11
New Zealand,2017,9.47
Nicaragua,2017,4.39
Niger,2017,0.0
Nigeria,2017,0.86
Macedonia,2017,0.21
Norway,2017,0.83
Oman,2017,2.73
Pakistan,2017,0.83
West Bank,2017,8.83
Panama,2017,3.46
Papua New Guinea,2017,0.79
Paraguay,2017,4.58
Peru,2017,1.76
Philippines,2017,1.94
Poland,2017,2.22
Portugal,2017,4.66
Qatar,2017,35.07
South Korea,2017,12.37
Moldova,2017,1.58
Romania,2017,1.29
Russia,2017,0.64
Rwanda,2017,1.27
Saudi Arabia,2017,2.44
Senegal,2017,0.04
Republic of Serbia,2017,0.82
Sierra Leone,2017,0.23
Slovakia,2017,1.27
Slovenia,2017,4.57
Solomon Islands,2017,0.58
Somalia,2017,0.28
South Africa,2017,3.18
Spain,2017,4.24
Sri Lanka,2017,0.55
Sudan,2017,0.11
Suriname,2017,9.58
Sweden,2017,0.81
Switzerland,2017,4.74
Syria,2017,0.33
Tajikistan,2017,0.3
Thailand,2017,1.54
Togo,2017,0.45
Trinidad and Tobago,2017,24.96
Tunisia,2017,0.53
Turkey,2017,2.31
Turkmenistan,2017,0.39
Uganda,2017,0.69
Ukraine,2017,1.14
England,2017,3.12
United Republic of Tanzania,2017,0.0
USA,2017,2.8
Uruguay,2017,6.69
Vanuatu,2017,0.11
Venezuela,2017,1.19
Vietnam,2017,7.15
Yemen,2017,0.4
Zambia,2017,1.13
Zimbabwe,2017,0.66
Albania,2018,0.64
Algeria,2018,0.71
Angola,2018,0.01
Argentina,2018,4.19
Armenia,2018,1.22
Australia,2018,1.9
Austria,2018,3.79
Azerbaijan,2018,0.23
The Bahamas,2018,16.19
Bangladesh,2018,1.77
Belarus,2018,0.14
Belgium,2018,7.27
Belize,2018,11.35
Benin,2018,1.11
Bhutan,2018,1.74
Bolivia,2018,4.18
Bosnia and Herzegovina,2018,2.17
Botswana,2018,3.36
Brazil,2018,8.65
Bulgaria,2018,1.39
Burkina Faso,2018,0.39
Burundi,2018,0.03
Cambodia,2018,1.77
Cameroon,2018,0.94
Canada,2018,2.26
Central African Republic,2018,0.03
Chad,2018,0.01
Chile,2018,6.57
China,2018,2.28
Taiwan,2018,13.34
Colombia,2018,8.49
Republic of the Congo,2018,0.75
Costa Rica,2018,19.19
Ivory Coast,2018,0.0
Croatia,2018,1.94
Cuba,2018,0.75
Cyprus,2018,9.05
Czech Republic,2018,2.04
Democratic Republic of the Congo,2018,0.07
Denmark,2018,1.09
Djibouti,2018,6.58
Dominican Republic,2018,5.74
Ecuador,2018,15.89
Egypt,2018,2.92
El Salvador,2018,3.35
Equatorial Guinea,2018,0.72
Eritrea,2018,0.04
Estonia,2018,0.92
Swaziland,2018,5.33
Ethiopia,2018,0.23
Fiji,2018,4.36
Finland,2018,2.18
France,2018,4.39
Gabon,2018,2.43
Gambia,2018,1.21
Georgia,2018,5.15
Germany,2018,3.77
Ghana,2018,1.34
Greece,2018,1.51
Guatemala,2018,4.38
Guinea,2018,0.02
Guinea Bissau,2018,0.14
Haiti,2018,0.43
Honduras,2018,5.51
Hungary,2018,1.9
Iceland,2018,0.02
India,2018,0.24
Indonesia,2018,5.86
Iran,2018,0.33
Iraq,2018,0.05
Ireland,2018,5.87
Israel,2018,15.15
Italy,2018,5.9
Jamaica,2018,8.14
Japan,2018,11.84
Jordan,2018,2.41
Kazakhstan,2018,0.44
Kenya,2018,0.84
Kyrgyzstan,2018,0.45
Laos,2018,0.11
Latvia,2018,1.22
Lebanon,2018,6.69
Lesotho,2018,0.16
Liberia,2018,1.28
Libya,2018,0.51
Lithuania,2018,0.97
Luxembourg,2018,2.52
Madagascar,2018,0.2
Malawi,2018,0.45
Malaysia,2018,5.32
Mali,2018,0.0
Mauritania,2018,0.83
Mexico,2018,2.35
Mongolia,2018,2.71
Montenegro,2018,6.33
Morocco,2018,1.44
Mozambique,2018,0.19
Myanmar,2018,1.22
Namibia,2018,1.03
Nepal,2018,0.36
Netherlands,2018,8.84
New Caledonia,2018,26.06
New Zealand,2018,8.97
Nicaragua,2018,3.89
Niger,2018,0.0
Nigeria,2018,1.09
Macedonia,2018,0.21
Norway,2018,0.76
Oman,2018,1.88
Pakistan,2018,0.84
West Bank,2018,8.88
Panama,2018,2.39
Papua New Guinea,2018,0.81
Paraguay,2018,4.87
Peru,2018,1.46
Philippines,2018,1.92
Poland,2018,2.04
Portugal,2018,4.62
Qatar,2018,33.23
South Korea,2018,11.73
Moldova,2018,1.75
Romania,2018,1.22
Russia,2018,0.6
Rwanda,2018,1.31
Saudi Arabia,2018,2.68
Senegal,2018,0.08
Republic of Serbia,2018,0.88
Sierra Leone,2018,0.2
Slovakia,2018,1.31
Slovenia,2018,4.97
Solomon Islands,2018,0.49
Somalia,2018,0.39
South Africa,2018,3.14
Spain,2018,4.36
Sri Lanka,2018,0.95
Sudan,2018,0.26
Suriname,2018,11.6
Sweden,2018,0.73
Switzerland,2018,4.77
Syria,2018,0.33
Tajikistan,2018,0.37
Thailand,2018,1.58
Togo,2018,0.48
Trinidad and Tobago,2018,24.96
Tunisia,2018,0.65
Turkey,2018,2.59
Turkmenistan,2018,0.42
Uganda,2018,0.66
Ukraine,2018,0.75
England,2018,3.17
United Republic of Tanzania,2018,0.0
USA,2018,2.87
Uruguay,2018,7.51
Vanuatu,2018,0.11
Venezuela,2018,1.19
Vietnam,2018,12.12
Yemen,2018,0.58
Zambia,2018,1.09
Zimbabwe,2018,0.65
Albania,2019,1.07
Algeria,2019,0.71
Angola,2019,0.01
Argentina,2019,4.88
Armenia,2019,1.04
Australia,2019,1.93
Austria,2019,3.56
Azerbaijan,2019,0.23
The Bahamas,2019,16.19
Bangladesh,2019,1.75
Belarus,2019,0.72
Belgium,2019,6.74
Belize,2019,8.57
Benin,2019,1.39
Bhutan,2019,1.8
Bolivia,2019,3.25
Bosnia and Herzegovina,2019,2.24
Botswana,2019,3.8
Brazil,2019,9.78
Bulgaria,2019,1.84
Burkina Faso,2019,0.34
Burundi,2019,0.03
Cambodia,2019,2.66
Cameroon,2019,1.06
Canada,2019,2.03
Central African Republic,2019,0.02
Chad,2019,0.01
Chile,2019,6.69
China,2019,2.12
Taiwan,2019,13.35
Colombia,2019,15.13
Republic of the Congo,2019,0.91
Costa Rica,2019,22.38
Ivory Coast,2019,0.01
Croatia,2019,1.74
Cuba,2019,0.75
Cyprus,2019,9.94
Czech Republic,2019,2.0
Democratic Republic of the Congo,2019,0.06
Denmark,2019,1.1
Djibouti,2019,6.35
Dominican Republic,2019,4.52
Ecuador,2019,14.03
Egypt,2019,3.29
El Salvador,2019,2.87
Equatorial Guinea,2019,0.78
Eritrea,2019,0.04
Estonia,2019,1.07
Swaziland,2019,5.89
Ethiopia,2019,0.23
Fiji,2019,4.38
Finland,2019,1.79
France,2019,2.86
Gabon,2019,2.31
Gambia,2019,1.12
Georgia,2019,5.93
Germany,2019,3.79
Ghana,2019,1.32
Greece,2019,1.51
Guatemala,2019,4.04
Guinea,2019,0.02
Guinea Bissau,2019,0.13
Haiti,2019,0.54
Honduras,2019,5.15
Hungary,2019,1.74
Iceland,2019,0.01
India,2019,0.24
Indonesia,2019,6.14
Iran,2019,0.28
Iraq,2019,0.06
Ireland,2019,6.69
Israel,2019,14.6
Italy,2019,5.19
Jamaica,2019,7.98
Japan,2019,11.82
Jordan,2019,2.25
Kazakhstan,2019,0.44
Kenya,2019,0.9
Kyrgyzstan,2019,0.5
Laos,2019,0.12
Latvia,2019,1.24
Lebanon,2019,6.69
Lesotho,2019,0.26
Liberia,2019,1.34
Libya,2019,0.69
Lithuania,2019,1.05
Luxembourg,2019,2.26
Madagascar,2019,0.21
Malawi,2019,0.41
Malaysia,2019,5.77
Mali,2019,0.0
Mauritania,2019,0.86
Mexico,2019,0.9
Mongolia,2019,3.68
Montenegro,2019,6.8
Morocco,2019,1.59
Mozambique,2019,0.29
Myanmar,2019,1.39
Namibia,2019,1.12
Nepal,2019,0.4
Netherlands,2019,8.77
New Caledonia,2019,6.55
New Zealand,2019,8.52
Nicaragua,2019,4.34
Niger,2019,0.0
Nigeria,2019,1.24
Macedonia,2019,0.21
Norway,2019,0.75
Oman,2019,2.8
Pakistan,2019,0.85
West Bank,2019,9.09
Panama,2019,1.29
Papua New Guinea,2019,0.85
Paraguay,2019,5.15
Peru,2019,1.87
Philippines,2019,2.23
Poland,2019,2.13
Portugal,2019,5.3
Qatar,2019,35.11
South Korea,2019,10.59
Moldova,2019,1.76
Romania,2019,0.96
Russia,2019,0.63
Rwanda,2019,1.35
Saudi Arabia,2019,2.9
Senegal,2019,0.12
Republic of Serbia,2019,0.93
Sierra Leone,2019,0.21
Slovakia,2019,1.36
Slovenia,2019,4.15
Solomon Islands,2019,0.35
Somalia,2019,0.55
South Africa,2019,3.15
Spain,2019,4.49
Sri Lanka,2019,0.64
Sudan,2019,0.19
Suriname,2019,7.92
Sweden,2019,0.71
Switzerland,2019,4.53
Syria,2019,0.33
Tajikistan,2019,0.45
Thailand,2019,1.26
Togo,2019,0.51
Trinidad and Tobago,2019,24.96
Tunisia,2019,0.71
Turkey,2019,2.22
Turkmenistan,2019,1.27
Uganda,2019,0.69
Ukraine,2019,0.72
England,2019,3.2
United Republic of Tanzania,2019,0.0
USA,2019,3.13
Uruguay,2019,7.73
Vanuatu,2019,0.11
Venezuela,2019,1.19
Vietnam,2019,11.47
Yemen,2019,0.79
Zambia,2019,1.09
Zimbabwe,2019,0.69
Albania,2020,0.58
Algeria,2020,0.72
Angola,2020,0.01
Argentina,2020,5.61
Armenia,2020,1.27
Australia,2020,1.92
Austria,2020,4.0
Azerbaijan,2020,0.23
The Bahamas,2020,16.19
Bangladesh,2020,1.76
Belarus,2020,0.8
Belgium,2020,6.38
Belize,2020,10.27
Benin,2020,1.45
Bhutan,2020,1.7
Bolivia,2020,3.49
Bosnia and Herzegovina,2020,2.43
Botswana,2020,4.55
Brazil,2020,10.81
Bulgaria,2020,1.16
Burkina Faso,2020,0.34
Burundi,2020,0.03
Cambodia,2020,3.38
Cameroon,2020,1.38
Canada,2020,2.42
Central African Republic,2020,0.02
Chad,2020,0.01
Chile,2020,7.39
China,2020,2.01
Taiwan,2020,13.35
Colombia,2020,7.8
Republic of the Congo,2020,1.13
Costa Rica,2020,22.53
Ivory Coast,2020,0.01
Croatia,2020,1.71
Cuba,2020,0.75
Cyprus,2020,9.49
Czech Republic,2020,1.72
Democratic Republic of the Congo,2020,0.06
Denmark,2020,1.32
Djibouti,2020,4.72
Dominican Republic,2020,3.31
Ecuador,2020,7.2
Egypt,2020,2.96
El Salvador,2020,3.52
Equatorial Guinea,2020,0.8
Eritrea,2020,0.04
Estonia,2020,1.1
Swaziland,2020,6.35
Ethiopia,2020,0.22
Fiji,2020,4.42
Finland,2020,2.19
France,2020,3.28
Gabon,2020,2.14
Gambia,2020,0.94
Georgia,2020,6.54
Germany,2020,4.04
Ghana,2020,1.31
Greece,2020,1.74
Guatemala,2020,5.2
Guinea,2020,0.02
Guinea Bissau,2020,0.13
Haiti,2020,0.6
Honduras,2020,7.35
Hungary,2020,2.07
Iceland,2020,0.01
India,2020,0.24
Indonesia,2020,4.74
Iran,2020,0.33
Iraq,2020,0.06
Ireland,2020,6.54
Israel,2020,14.51
Italy,2020,6.01
Jamaica,2020,9.86
Japan,2020,11.18
Jordan,2020,1.61
Kazakhstan,2020,0.49
Kenya,2020,0.88
Kyrgyzstan,2020,0.51
Laos,2020,0.12
Latvia,2020,1.42
Lebanon,2020,6.55
Lesotho,2020,0.51
Liberia,2020,1.43
Libya,2020,0.84
Lithuania,2020,1.13
Luxembourg,2020,2.31
Madagascar,2020,0.21
Malawi,2020,0.37
Malaysia,2020,4.35
Mali,2020,0.0
Mauritania,2020,0.82
Mexico,2020,0.84
Mongolia,2020,4.09
Montenegro,2020,8.09
Morocco,2020,1.46
Mozambique,2020,0.37
Myanmar,2020,0.94
Namibia,2020,1.24
Nepal,2020,0.34
Netherlands,2020,9.47
New Caledonia,2020,8.71
New Zealand,2020,8.79
Nicaragua,2020,8.7
Niger,2020,0.0
Nigeria,2020,1.31
Macedonia,2020,0.21
Norway,2020,0.85
Oman,2020,2.67
Pakistan,2020,0.84
West Bank,2020,10.3
Panama,2020,1.16
Papua New Guinea,2020,0.91
Paraguay,2020,4.53
Peru,2020,2.18
Philippines,2020,3.11
Poland,2020,2.13
Portugal,2020,5.27
Qatar,2020,35.11
South Korea,2020,10.95
Moldova,2020,1.74
Romania,2020,0.98
Russia,2020,0.73
Rwanda,2020,1.3
Saudi Arabia,2020,1.99
Senegal,2020,0.15
Republic of Serbia,2020,0.9
Sierra Leone,2020,0.21
Slovakia,2020,1.33
Slovenia,2020,4.12
Solomon Islands,2020,0.35
Somalia,2020,0.64
South Africa,2020,3.35
Spain,2020,4.55
Sri Lanka,2020,1.08
Sudan,2020,0.19
Suriname,2020,5.81
Sweden,2020,0.81
Switzerland,2020,4.43
Syria,2020,0.33
Tajikistan,2020,0.42
Thailand,2020,0.85
Togo,2020,0.51
Trinidad and Tobago,2020,24.96
Tunisia,2020,0.69
Turkey,2020,2.31
Turkmenistan,2020,0.79
Uganda,2020,0.66
Ukraine,2020,0.73
England,2020,2.49
United Republic of Tanzania,2020,0.0
USA,2020,3.02
Uruguay,2020,7.97
Vanuatu,2020,0.11
Venezuela,2020,1.19
Vietnam,2020,7.62
Yemen,2020,1.04
Zambia,2020,1.09
Zimbabwe,2020,0.67
Albania,2021,0.63
Algeria,2021,0.72
Angola,2021,0.01
Argentina,2021,5.58
Armenia,2021,1.81
Australia,2021,1.88
Austria,2021,4.16
Azerbaijan,2021,0.23
The Bahamas,2021,16.19
Bangladesh,2021,1.76
Belarus,2021,0.72
Belgium,2021,6.27
Belize,2021,8.51
Benin,2021,1.24
Bhutan,2021,2.2
Bolivia,2021,3.24
Bosnia and Herzegovina,2021,2.44
Botswana,2021,5.29
Brazil,2021,11.34
Bulgaria,2021,1.23
Burkina Faso,2021,0.36
Burundi,2021,0.03
Cambodia,2021,3.76
Cameroon,2021,1.28
Canada,2021,2.54
Central African Republic,2021,0.08
Chad,2021,0.01
Chile,2021,8.35
China,2021,1.9
Taiwan,2021,13.4
Colombia,2021,8.2
Republic of the Congo,2021,1.24
Costa Rica,2021,17.41
Ivory Coast,2021,0.0
Croatia,2021,1.57
Cuba,2021,0.75
Cyprus,2021,9.25
Czech Republic,2021,1.77
Democratic Republic of the Congo,2021,0.06
Denmark,2021,1.25
Djibouti,2021,4.72
Dominican Republic,2021,2.09
Ecuador,2021,0.68
Egypt,2021,2.62
El Salvador,2021,4.31
Equatorial Guinea,2021,0.78
Eritrea,2021,0.04
Estonia,2021,1.26
Swaziland,2021,6.9
Ethiopia,2021,0.22
Fiji,2021,4.42
Finland,2021,1.82
France,2021,3.52
Gabon,2021,2.28
Gambia,2021,0.58
Georgia,2021,5.65
Germany,2021,4.11
Ghana,2021,1.31
Greece,2021,1.66
Guatemala,2021,4.83
Guinea,2021,0.02
Guinea Bissau,2021,0.13
Haiti,2021,0.66
Honduras,2021,6.51
Hungary,2021,2.07
Iceland,2021,0.01
India,2021,0.24
Indonesia,2021,6.3
Iran,2021,0.33
Iraq,2021,0.06
Ireland,2021,7.07
Israel,2021,14.56
Italy,2021,5.36
Jamaica,2021,8.73
Japan,2021,11.22
Jordan,2021,1.43
Kazakhstan,2021,0.61
Kenya,2021,0.76
Kyrgyzstan,2021,0.45
Laos,2021,0.12
Latvia,2021,1.45
Lebanon,2021,6.5
Lesotho,2021,0.55
Liberia,2021,1.46
Libya,2021,0.84
Lithuania,2021,1.13
Luxembourg,2021,2.03
Madagascar,2021,0.19
Malawi,2021,0.34
Malaysia,2021,5.51
Mali,2021,0.0
Mauritania,2021,0.92
Mexico,2021,0.86
Mongolia,2021,4.54
Montenegro,2021,7.69
Morocco,2021,1.47
Mozambique,2021,0.49
Myanmar,2021,0.94
Namibia,2021,1.43
Nepal,2021,0.4
Netherlands,2021,8.99
New Caledonia,2021,4.58
New Zealand,2021,7.66
Nicaragua,2021,7.62
Niger,2021,0.0
Nigeria,2021,1.29
Macedonia,2021,0.21
Norway,2021,0.88
Oman,2021,2.63
Pakistan,2021,0.86
West Bank,2021,11.91
Panama,2021,1.46
Papua New Guinea,2021,0.97
Paraguay,2021,5.54
Peru,2021,1.72
Philippines,2021,3.37
Poland,2021,2.35
Portugal,2021,5.23
Qatar,2021,35.11
South Korea,2021,12.29
Moldova,2021,2.67
Romania,2021,0.93
Russia,2021,0.79
Rwanda,2021,1.25
Saudi Arabia,2021,1.99
Senegal,2021,0.15
Republic of Serbia,2021,0.8
Sierra Leone,2021,0.21
Slovakia,2021,1.21
Slovenia,2021,3.89
Solomon Islands,2021,0.35
Somalia,2021,0.66
South Africa,2021,3.43
Spain,2021,4.59
Sri Lanka,2021,1.17
Sudan,2021,0.19
Suriname,2021,14.63
Sweden,2021,0.84
Switzerland,2021,5.28
Syria,2021,0.34
Tajikistan,2021,0.55
Thailand,2021,0.39
Togo,2021,0.51
Trinidad and Tobago,2021,24.96
Tunisia,2021,0.67
Turkey,2021,2.25
Turkmenistan,2021,0.77
Uganda,2021,0.66
Ukraine,2021,0.8
England,2021,2.44
United Republic of Tanzania,2021,0.0
USA,2021,2.78
Uruguay,2021,7.94
Vanuatu,2021,0.11
Venezuela,2021,1.19
Vietnam,2021,12.69
Yemen,2021,1.04
Zambia,2021,1.09
Zimbabwe,2021,0.7
Albania,2022,0.43
Algeria,2022,0.71
Angola,2022,0.01
Argentina,2022,5.94
Armenia,2022,1.77
Australia,2022,1.88
Austria,2022,4.37
Azerbaijan,2022,0.23
The Bahamas,2022,16.19
Bangladesh,2022,1.76
Belarus,2022,0.74
Belgium,2022,5.71
Belize,2022,10.08
Benin,2022,1.11
Bhutan,2022,2.41
Bolivia,2022,3.3
Bosnia and Herzegovina,2022,2.44
Botswana,2022,5.66
Brazil,2022,12.63
Bulgaria,2022,1.22
Burkina Faso,2022,0.37
Burundi,2022,0.03
Cambodia,2022,3.98
Cameroon,2022,1.28
Canada,2022,2.54
Central African Republic,2022,0.1
Chad,2022,0.01
Chile,2022,9.94
China,2022,1.83
Taiwan,2022,13.52
Colombia,2022,16.02
Republic of the Congo,2022,1.29
Costa Rica,2022,17.46
Ivory Coast,2022,0.0
Croatia,2022,1.62
Cuba,2022,0.75
Cyprus,2022,8.36
Czech Republic,2022,2.19
Democratic Republic of the Congo,2022,0.06
Denmark,2022,1.41
Djibouti,2022,4.72
Dominican Republic,2022,1.61
Ecuador,2022,1.0
Egypt,2022,2.33
El Salvador,2022,4.31
Equatorial Guinea,2022,0.77
Eritrea,2022,0.04
Estonia,2022,1.09
Swaziland,2022,7.17
Ethiopia,2022,0.22
Fiji,2022,4.42
Finland,2022,1.48
France,2022,3.45
Gabon,2022,2.36
Gambia,2022,0.41
Georgia,2022,6.12
Germany,2022,4.06
Ghana,2022,1.31
Greece,2022,1.4
Guatemala,2022,5.18
Guinea,2022,0.02
Guinea Bissau,2022,0.13
Haiti,2022,0.7
Honduras,2022,6.51
Hungary,2022,1.99
Iceland,2022,0.02
India,2022,0.24
Indonesia,2022,6.49
Iran,2022,0.33
Iraq,2022,0.06
Ireland,2022,6.08
Israel,2022,14.71
Italy,2022,4.69
Jamaica,2022,8.73
Japan,2022,11.63
Jordan,2022,1.74
Kazakhstan,2022,0.3
Kenya,2022,0.73
Kyrgyzstan,2022,0.42
Laos,2022,0.12
Latvia,2022,1.33
Lebanon,2022,6.5
Lesotho,2022,0.57
Liberia,2022,1.47
Libya,2022,0.84
Lithuania,2022,1.55
Luxembourg,2022,1.84
Madagascar,2022,0.23
Malawi,2022,0.48
Malaysia,2022,3.09
Mali,2022,0.0
Mauritania,2022,0.96
Mexico,2022,0.9
Mongolia,2022,4.49
Montenegro,2022,6.71
Morocco,2022,1.47
Mozambique,2022,0.51
Myanmar,2022,0.94
Namibia,2022,1.53
Nepal,2022,0.6
Netherlands,2022,8.38
New Caledonia,2022,2.83
New Zealand,2022,8.74
Nicaragua,2022,7.17
Niger,2022,0.0
Nigeria,2022,1.3
Macedonia,2022,0.21
Norway,2022,0.94
Oman,2022,3.57
Pakistan,2022,0.86
West Bank,2022,11.91
Panama,2022,2.15
Papua New Guinea,2022,1.0
Paraguay,2022,5.4
Peru,2022,1.61
Philippines,2022,3.37
Poland,2022,1.93
Portugal,2022,5.02
Qatar,2022,35.11
South Korea,2022,13.01
Moldova,2022,3.59
Romania,2022,0.92
Russia,2022,0.79
Rwanda,2022,1.25
Saudi Arabia,2022,1.99
Senegal,2022,0.15
Republic of Serbia,2022,0.76
Sierra Leone,2022,0.21
Slovakia,2022,1.13
Slovenia,2022,3.55
Solomon Islands,2022,0.35
Somalia,2022,0.66
South Africa,2022,3.4
Spain,2022,3.36
Sri Lanka,2022,0.9
Sudan,2022,0.19
Suriname,2022,18.72
Sweden,2022,0.92
Switzerland,2022,5.14
Syria,2022,0.35
Tajikistan,2022,0.59
Thailand,2022,0.26
Togo,2022,0.51
Trinidad and Tobago,2022,24.96
Tunisia,2022,0.66
Turkey,2022,2.22
Turkmenistan,2022,1.0
Uganda,2022,0.66
Ukraine,2022,0.58
England,2022,2.81
United Republic of Tanzania,2022,0.0
USA,2022,3.02
Uruguay,2022,7.63
Vanuatu,2022,0.11
Venezuela,2022,1.19
Vietnam,2022,13.87
Yemen,2022,1.04
Zambia,2022,1.09
Zimbabwe,2022,0.69
